<?xml version="1.0" encoding="UTF-8"?>
<kml xmlns="http://www.opengis.net/kml/2.2"><Document><name>OTHH bridges — below-grade geometry and cutout status</name><description><![CDATA[Red = no terrain cutout today. Green = already cut. Grey outline = the whole solid footprint; the filled shape is only the portion reaching more than 1 m below grade.]]></description>
<Style id="nocut"><LineStyle><color>ff2222dd</color><width>3</width>
</LineStyle><PolyStyle><color>7d2222dd</color></PolyStyle></Style>
<Style id="cut"><LineStyle><color>ff22cc44</color><width>3</width>
</LineStyle><PolyStyle><color>5522cc44</color></PolyStyle></Style>
<Style id="whole"><LineStyle><color>ffcccccc</color><width>2</width>
</LineStyle><PolyStyle><fill>0</fill></PolyStyle></Style>
<Folder><name>Bridge_01 — cutout today</name><description><![CDATA[<b>Bridge_01</b><br/>placements: 12 &nbsp; resources: 12<br/>deepest solid: <b>-5.84 m</b> below grade<br/>below-grade footprint: <b>1,619 m2</b><br/>cutout today: <b>YES</b><br/><br/><u>classifier verdict</u><br/>FLAT_CONFIRMED — no cutout (ground contact 0.079, wall base at grade 0.290, above-grade area 0.919)<br/>TUNNEL — trench cut today]]></description><Placemark><name>Bridge_01 — whole footprint</name><styleUrl>#whole</styleUrl><Polygon><altitudeMode>clampToGround</altitudeMode><outerBoundaryIs><LinearRing><coordinates>51.616646868,25.256166413,0 51.616686598,25.256166413,0 51.616686598,25.256170516,0 51.616710920,25.256166413,0 51.616703890,25.256085565,0 51.616696530,25.256085565,0 51.616696530,25.256076581,0 51.616703017,25.256076581,0 51.616696530,25.256031666,0 51.616696949,25.256004717,0 51.616686598,25.256004717,0 51.616686598,25.255995733,0 51.616696366,25.255995733,0 51.616695200,25.255977767,0 51.616686598,25.255977767,0 51.616686598,25.255968784,0 51.616694617,25.255968784,0 51.616692286,25.255932852,0 51.616686598,25.255932852,0 51.616686598,25.255923869,0 51.616692105,25.255923869,0 51.616690489,25.255878953,0 51.616686598,25.255878953,0 51.616686598,25.255869970,0 51.616690285,25.255869970,0 51.616689899,25.255843021,0 51.616686598,25.255843021,0 51.616690184,25.255816071,0 51.616686598,25.255816071,0 51.616686598,25.255807088,0 51.616690315,25.255807088,0 51.616690614,25.255789122,0 51.616686598,25.255789122,0 51.616686598,25.255780139,0 51.616690763,25.255780139,0 51.616691207,25.255744206,0 51.616686598,25.255744206,0 51.616686598,25.255735223,0 51.616691354,25.255735223,0 51.616691658,25.255717257,0 51.616686598,25.255717257,0 51.616686598,25.255708274,0 51.616691825,25.255708274,0 51.616692949,25.255672341,0 51.616686598,25.255672341,0 51.616686598,25.255663358,0 51.616693350,25.255663358,0 51.616694622,25.255636409,0 51.616686598,25.255636409,0 51.616686598,25.255627426,0 51.616695067,25.255627426,0 51.616699599,25.255555561,0 51.616696530,25.255555561,0 51.616696530,25.255546578,0 51.616700109,25.255546578,0 51.616701008,25.255528612,0 51.616696530,25.255528612,0 51.616696530,25.255519629,0 51.616701467,25.255519629,0 51.616702405,25.255501662,0 51.616696530,25.255501662,0 51.616696530,25.255492679,0 51.616703026,25.255492679,0 51.616704486,25.255474713,0 51.616696530,25.255474713,0 51.616696530,25.255465730,0 51.616705278,25.255465730,0 51.616706463,25.255429797,0 51.616709480,25.255429797,0 51.616712021,25.255411831,0 51.616706463,25.255411831,0 51.616706463,25.255402848,0 51.616713288,25.255402848,0 51.616720725,25.255348949,0 51.616716395,25.255348949,0 51.616716395,25.255330983,0 51.616723161,25.255330983,0 51.616730419,25.255277085,0 51.616726328,25.255277085,0 51.616726328,25.255259118,0 51.616746193,25.255259118,0 51.616746193,25.255269067,0 51.616775991,25.255268101,0 51.616775991,25.255272363,0 51.616785923,25.255273461,0 51.616785923,25.255268101,0 51.616805788,25.255268101,0 51.616805788,25.255275658,0 51.616875316,25.255277085,0 51.616875316,25.255283347,0 51.616885248,25.255284445,0 51.616885248,25.255277085,0 51.616905114,25.255277085,0 51.616905114,25.255286642,0 51.616934911,25.255286068,0 51.616934911,25.255295051,0 51.616924716,25.255295051,0 51.616924979,25.255313017,0 51.616922296,25.255313017,0 51.616921086,25.255322000,0 51.616924979,25.255322000,0 51.616924979,25.255330983,0 51.616919877,25.255330983,0 51.616916249,25.255357933,0 51.616924979,25.255357933,0 51.616924979,25.255366916,0 51.616915082,25.255366916,0 51.616915046,25.255402848,0 51.616910011,25.255402848,0 51.616907221,25.255420814,0 51.616915046,25.255420814,0 51.616915046,25.255429797,0 51.616905820,25.255429797,0 51.616905114,25.255456747,0 51.616901560,25.255456747,0 51.616898055,25.255483696,0 51.616905114,25.255483696,0 51.616905114,25.255492679,0 51.616897234,25.255492679,0 51.616896424,25.255501662,0 51.616905114,25.255501662,0 51.616905114,25.255510645,0 51.616895655,25.255510645,0 51.616895098,25.255519629,0 51.616905114,25.255519629,0 51.616905114,25.255537595,0 51.616893997,25.255537595,0 51.616895181,25.255564544,0 51.616892379,25.255564544,0 51.616890065,25.255600477,0 51.616895181,25.255600477,0 51.616895181,25.255609460,0 51.616889507,25.255609460,0 51.616887842,25.255636409,0 51.616895181,25.255636409,0 51.616895181,25.255645392,0 51.616887402,25.255645392,0 51.616886130,25.255672341,0 51.616895181,25.255672341,0 51.616895181,25.255681325,0 51.616885773,25.255681325,0 51.616882887,25.255825054,0 51.616885248,25.255834034,0 51.616895181,25.255834037,0 51.616895181,25.255843021,0 51.616882591,25.255843021,0 51.616882832,25.255869970,0 51.616885198,25.255914885,0 51.616895181,25.255914885,0 51.616895181,25.255923869,0 51.616885686,25.255923869,0 51.616887672,25.255959801,0 51.616895181,25.255959801,0 51.616895181,25.255995733,0 51.616890014,25.255995733,0 51.616890615,25.256004717,0 51.616895181,25.256004717,0 51.616895181,25.256022683,0 51.616892013,25.256022683,0 51.616895714,25.256058615,0 51.616905114,25.256058615,0 51.616905114,25.256065271,0 51.616924979,25.256061189,0 51.616924979,25.256058615,0 51.616954776,25.256055067,0 51.616954776,25.256049632,0 51.616964709,25.256049632,0 51.616964709,25.256067598,0 51.616954776,25.256066546,0 51.616905114,25.256076750,0 51.616905114,25.256085565,0 51.616899897,25.256085565,0 51.616914611,25.256148446,0 51.616934911,25.256148446,0 51.616936335,25.256157429,0 51.616944844,25.256157429,0 51.616944844,25.256166413,0 51.616815721,25.256166865,0 51.616815721,25.256175396,0 51.616805788,25.256175396,0 51.616805788,25.256167398,0 51.616795856,25.256167931,0 51.616795856,25.256175396,0 51.616766058,25.256175396,0 51.616766058,25.256169531,0 51.616756126,25.256170065,0 51.616756126,25.256175396,0 51.616736260,25.256175396,0 51.616736260,25.256171131,0 51.616726328,25.256171665,0 51.616726328,25.256175396,0 51.616706463,25.256175396,0 51.616706463,25.256172583,0 51.616666733,25.256175396,0 51.616666733,25.256184379,0 51.616646868,25.256184379,0 51.616646868,25.256166413,0</coordinates></LinearRing></outerBoundaryIs></Polygon></Placemark><Placemark><name>Bridge_01 — below grade (-5.8 m)</name><description><![CDATA[<b>Bridge_01</b><br/>placements: 12 &nbsp; resources: 12<br/>deepest solid: <b>-5.84 m</b> below grade<br/>below-grade footprint: <b>1,619 m2</b><br/>cutout today: <b>YES</b><br/><br/><u>classifier verdict</u><br/>FLAT_CONFIRMED — no cutout (ground contact 0.079, wall base at grade 0.290, above-grade area 0.919)<br/>TUNNEL — trench cut today]]></description><styleUrl>#cut</styleUrl><Polygon><altitudeMode>clampToGround</altitudeMode><outerBoundaryIs><LinearRing><coordinates>51.616710920,25.256166413,0 51.616703890,25.256085565,0 51.616696530,25.256085565,0 51.616696530,25.256076581,0 51.616703017,25.256076581,0 51.616696530,25.256031666,0 51.616692286,25.255932852,0 51.616686598,25.255932852,0 51.616686598,25.255923869,0 51.616696530,25.255923869,0 51.616696530,25.255926555,0 51.616722745,25.255923869,0 51.616720754,25.255878953,0 51.616716395,25.255878953,0 51.616716395,25.255869970,0 51.616720513,25.255869970,0 51.616720199,25.255843021,0 51.616716395,25.255843021,0 51.616720432,25.255825054,0 51.616716395,25.255825054,0 51.616716395,25.255816071,0 51.616706463,25.255816071,0 51.616706463,25.255807088,0 51.616716395,25.255807088,0 51.616716395,25.255798105,0 51.616720902,25.255798105,0 51.616716395,25.255780139,0 51.616721246,25.255780139,0 51.616721692,25.255744206,0 51.616716395,25.255744206,0 51.616716395,25.255735223,0 51.616721841,25.255735223,0 51.616722146,25.255717257,0 51.616716395,25.255717257,0 51.616716395,25.255708274,0 51.616722321,25.255708274,0 51.616723446,25.255672341,0 51.616716395,25.255672341,0 51.616716395,25.255663358,0 51.616723863,25.255663358,0 51.616725136,25.255636409,0 51.616716395,25.255636409,0 51.616716395,25.255627426,0 51.616725601,25.255627426,0 51.616729561,25.255564544,0 51.616726328,25.255564544,0 51.616725814,25.255555561,0 51.616716395,25.255555561,0 51.616716395,25.255546578,0 51.616726328,25.255546578,0 51.616726328,25.255537595,0 51.616731149,25.255537595,0 51.616731641,25.255528612,0 51.616726328,25.255528612,0 51.616726328,25.255519629,0 51.616732145,25.255519629,0 51.616733168,25.255501662,0 51.616726328,25.255501662,0 51.616726328,25.255492679,0 51.616733879,25.255492679,0 51.616735412,25.255474713,0 51.616726328,25.255474713,0 51.616726328,25.255465730,0 51.616736341,25.255465730,0 51.616739611,25.255438781,0 51.616736260,25.255438781,0 51.616736260,25.255429797,0 51.616740914,25.255429797,0 51.616743614,25.255411831,0 51.616736260,25.255411831,0 51.616736260,25.255402848,0 51.616744948,25.255402848,0 51.616746193,25.255375899,0 51.616749080,25.255374607,0 51.616726328,25.255371834,0 51.616726328,25.255375899,0 51.616716395,25.255375899,0 51.616721966,25.255339966,0 51.616716395,25.255339966,0 51.616716395,25.255330983,0 51.616723161,25.255330983,0 51.616731629,25.255268101,0 51.616726328,25.255268101,0 51.616726328,25.255259118,0 51.616736260,25.255259118,0 51.616736260,25.255267969,0 51.616775991,25.255268101,0 51.616775991,25.255272363,0 51.616795856,25.255274559,0 51.616795856,25.255268101,0 51.616805788,25.255268101,0 51.616805788,25.255275658,0 51.616835586,25.255278953,0 51.616855451,25.255277085,0 51.616855451,25.255281150,0 51.616885248,25.255284445,0 51.616885248,25.255277085,0 51.616895181,25.255277085,0 51.616895181,25.255285543,0 51.616924979,25.255288839,0 51.616924979,25.255286068,0 51.616934911,25.255286068,0 51.616934911,25.255295051,0 51.616924979,25.255293101,0 51.616921086,25.255322000,0 51.616924979,25.255322000,0 51.616924979,25.255330983,0 51.616919877,25.255330983,0 51.616916249,25.255357933,0 51.616924979,25.255357933,0 51.616924979,25.255366916,0 51.616915082,25.255366916,0 51.616911596,25.255393865,0 51.616915046,25.255393865,0 51.616915046,25.255402848,0 51.616905114,25.255402848,0 51.616907059,25.255393865,0 51.616885248,25.255391206,0 51.616885248,25.255393865,0 51.616879494,25.255393865,0 51.616871478,25.255447764,0 51.616875316,25.255447764,0 51.616875316,25.255456747,0 51.616870274,25.255456747,0 51.616868094,25.255474713,0 51.616875316,25.255474713,0 51.616875316,25.255483696,0 51.616867089,25.255483696,0 51.616862872,25.255546578,0 51.616875316,25.255546578,0 51.616875316,25.255564544,0 51.616865383,25.255564544,0 51.616865383,25.255573527,0 51.616861260,25.255573527,0 51.616860103,25.255591493,0 51.616865383,25.255591493,0 51.616865383,25.255600477,0 51.616859525,25.255600477,0 51.616857862,25.255627426,0 51.616865383,25.255627426,0 51.616865383,25.255636409,0 51.616857313,25.255636409,0 51.616853769,25.255744206,0 51.616852995,25.255798105,0 51.616855451,25.255807088,0 51.616865383,25.255807088,0 51.616865383,25.255825054,0 51.616852524,25.255825054,0 51.616852388,25.255834037,0 51.616855451,25.255834037,0 51.616855451,25.255843021,0 51.616852291,25.255843021,0 51.616852615,25.255869970,0 51.616855451,25.255869970,0 51.616852957,25.255878953,0 51.616855451,25.255916850,0 51.616885248,25.255914885,0 51.616891213,25.256013700,0 51.616895181,25.256013700,0 51.616895181,25.256022683,0 51.616892013,25.256022683,0 51.616895714,25.256058615,0 51.616905114,25.256058615,0 51.616905114,25.256065271,0 51.616924979,25.256061189,0 51.616924979,25.256058615,0 51.616954776,25.256055067,0 51.616954776,25.256049632,0 51.616964709,25.256049632,0 51.616964709,25.256067598,0 51.616954776,25.256066546,0 51.616905114,25.256076750,0 51.616905114,25.256085565,0 51.616899897,25.256085565,0 51.616915046,25.256150046,0 51.616934911,25.256148446,0 51.616936335,25.256157429,0 51.616944844,25.256157429,0 51.616944844,25.256166413,0 51.616934911,25.256166413,0 51.616934911,25.256162152,0 51.616915046,25.256166413,0 51.616915046,25.256161531,0 51.616885248,25.256163131,0 51.616885248,25.256166413,0 51.616865383,25.256164198,0 51.616716395,25.256172198,0 51.616716395,25.256175396,0 51.616706463,25.256175396,0 51.616706463,25.256166413,0 51.616710920,25.256166413,0</coordinates></LinearRing></outerBoundaryIs></Polygon></Placemark></Folder><Folder><name>Bridge_02 — NO CUTOUT</name><description><![CDATA[<b>Bridge_02</b><br/>placements: 11 &nbsp; resources: 11<br/>deepest solid: <b>-9.67 m</b> below grade<br/>below-grade footprint: <b>4,168 m2</b><br/>cutout today: <b>NO</b><br/><br/><u>classifier verdict</u><br/>REFUSED — piered viaduct: no solid geometry reaches effective grade (≤ 0.5 m) within 35 m of the start deck end(s) — refused, no terrain feature (amendment A4)]]></description><Placemark><name>Bridge_02 — whole footprint</name><styleUrl>#whole</styleUrl><Polygon><altitudeMode>clampToGround</altitudeMode><outerBoundaryIs><LinearRing><coordinates>51.616159281,25.250292264,0 51.616139416,25.250292264,0 51.616139416,25.250283281,0 51.616129484,25.250283281,0 51.616129484,25.250274607,0 51.616119552,25.250269687,0 51.616119552,25.250274298,0 51.616109619,25.250274298,0 51.616109619,25.250264767,0 51.616099687,25.250259847,0 51.616099687,25.250265315,0 51.616089755,25.250265315,0 51.616089755,25.250247348,0 51.616098562,25.250247348,0 51.616099687,25.250229382,0 51.616109445,25.250229382,0 51.616120329,25.250211416,0 51.616119552,25.250202433,0 51.616125770,25.250202433,0 51.616149348,25.250163510,0 51.616149348,25.250139551,0 51.616159281,25.250139551,0 51.616159281,25.250130568,0 51.616179145,25.250130568,0 51.616179145,25.250139551,0 51.616176241,25.250139551,0 51.616194553,25.250148534,0 51.616208942,25.250148534,0 51.616208942,25.250155586,0 51.616218874,25.250160453,0 51.616218874,25.250157517,0 51.616238739,25.250157517,0 51.616238739,25.250170272,0 51.616258603,25.250180224,0 51.616258603,25.250175484,0 51.616288400,25.250175484,0 51.616288400,25.250193450,0 51.616308264,25.250193450,0 51.616308264,25.250202433,0 51.616318197,25.250202433,0 51.616318197,25.250210683,0 51.616328129,25.250211416,0 51.616328129,25.250215922,0 51.616338061,25.250221160,0 51.616347993,25.250220399,0 51.616347993,25.250226469,0 51.616357926,25.250231826,0 51.616357926,25.250229382,0 51.616367858,25.250229382,0 51.616367858,25.250237183,0 51.616386806,25.250247348,0 51.616397655,25.250247348,0 51.616397655,25.250253153,0 51.616407587,25.250258470,0 51.616417519,25.250256332,0 51.616417519,25.250263788,0 51.616427451,25.250265315,0 51.616427451,25.250269105,0 51.616437384,25.250274423,0 51.616457248,25.250274298,0 51.616457248,25.250285058,0 51.616477113,25.250295693,0 51.616477113,25.250292264,0 51.616487045,25.250292264,0 51.616487045,25.250301010,0 51.616506909,25.250311645,0 51.616536706,25.250310230,0 51.616536706,25.250327605,0 51.616546638,25.250328196,0 51.616546638,25.250332925,0 51.616556571,25.250338245,0 51.616576435,25.250337180,0 51.616576435,25.250346163,0 51.616571351,25.250346163,0 51.616588122,25.250355146,0 51.616596300,25.250355146,0 51.616596300,25.250359526,0 51.616616164,25.250370167,0 51.616616164,25.250364129,0 51.616626097,25.250364129,0 51.616626097,25.250375221,0 51.616639872,25.250382095,0 51.616655893,25.250382095,0 51.616655893,25.250390090,0 51.616665826,25.250395046,0 51.616665826,25.250391078,0 51.616675758,25.250391078,0 51.616675758,25.250400002,0 51.616695622,25.250409915,0 51.616705555,25.250409044,0 51.616705555,25.250414871,0 51.616715487,25.250419827,0 51.616735351,25.250418028,0 51.616735351,25.250429519,0 51.616755216,25.250435994,0 51.616755216,25.250439019,0 51.616767675,25.250444977,0 51.616775080,25.250444977,0 51.616775080,25.250435994,0 51.616785013,25.250435994,0 51.616785013,25.250453268,0 51.616794945,25.250458018,0 51.616794945,25.250453960,0 51.616804877,25.250453960,0 51.616804877,25.250462768,0 51.616814809,25.250462943,0 51.616814809,25.250467518,0 51.616824742,25.250472267,0 51.616834674,25.250471926,0 51.616834674,25.250477007,0 51.616844606,25.250481665,0 51.616864471,25.250480909,0 51.616862147,25.250489892,0 51.616881299,25.250498876,0 51.616894267,25.250498876,0 51.616894267,25.250505130,0 51.616904200,25.250509956,0 51.616924064,25.250507859,0 51.616924064,25.250516842,0 51.616918371,25.250516842,0 51.616936915,25.250525825,0 51.616953861,25.250525825,0 51.616954298,25.250534808,0 51.616973725,25.250534808,0 51.616971554,25.250543791,0 51.616983658,25.250550092,0 51.616983658,25.250543791,0 51.616993590,25.250543791,0 51.616993590,25.250555482,0 51.617004908,25.250561757,0 51.617013454,25.250561757,0 51.617013454,25.250566496,0 51.617023387,25.250572003,0 51.617033319,25.250570198,0 51.617033319,25.250561757,0 51.617043251,25.250561757,0 51.617043251,25.250583230,0 51.617073048,25.250600405,0 51.617073048,25.250597690,0 51.617082980,25.250597690,0 51.617082980,25.250606328,0 51.617113018,25.250624639,0 51.617132642,25.250624639,0 51.617132642,25.250633622,0 51.617127554,25.250633622,0 51.617142574,25.250643013,0 51.617152506,25.250642605,0 51.617152506,25.250649223,0 51.617162438,25.250651588,0 51.617162438,25.250655671,0 51.617192235,25.250675838,0 51.617192235,25.250669555,0 51.617202167,25.250669555,0 51.617202167,25.250683089,0 51.617222032,25.250698095,0 51.617231964,25.250696504,0 51.617231964,25.250705794,0 51.617254034,25.250723453,0 51.617271693,25.250723453,0 51.617271693,25.250737392,0 51.617291558,25.250752939,0 51.617291558,25.250750403,0 51.617301490,25.250750403,0 51.617301490,25.250760982,0 51.617321354,25.250777394,0 51.617341219,25.250777352,0 51.617341219,25.250794230,0 51.617361374,25.250813284,0 51.617371016,25.250813284,0 51.617371016,25.250822511,0 51.617389688,25.250840234,0 51.617400812,25.250840234,0 51.617400812,25.250850976,0 51.617416889,25.250867183,0 51.617430609,25.250867183,0 51.617430609,25.250881016,0 51.617443620,25.250894132,0 51.617460406,25.250894132,0 51.617460406,25.250912099,0 51.617480270,25.250912099,0 51.617480270,25.250921082,0 51.617470881,25.250921082,0 51.617470338,25.250924886,0 51.617474618,25.250930065,0 51.617480270,25.250930065,0 51.617480270,25.250936906,0 51.617504309,25.250965997,0 51.617510067,25.250965997,0 51.617510067,25.250973018,0 51.617532028,25.251001930,0 51.617539864,25.251001930,0 51.617538852,25.251010913,0 51.617552499,25.251028879,0 51.617559728,25.251028879,0 51.617559728,25.251038689,0 51.617571134,25.251055828,0 51.617579593,25.251055828,0 51.617579593,25.251068541,0 51.617589067,25.251082778,0 51.617599458,25.251082778,0 51.617599458,25.251099486,0 51.617609390,25.251115803,0 51.617609390,25.251109727,0 51.617619322,25.251109727,0 51.617619322,25.251127693,0 51.617629254,25.251127693,0 51.617629254,25.251136676,0 51.617639187,25.251136676,0 51.617637740,25.251163626,0 51.617647595,25.251181592,0 51.617659051,25.251181592,0 51.617657451,25.251199558,0 51.617667307,25.251217524,0 51.617678916,25.251217524,0 51.617676444,25.251235491,0 51.617685118,25.251253457,0 51.617688848,25.251253457,0 51.617688848,25.251261183,0 51.617702465,25.251289389,0 51.617708712,25.251289389,0 51.617708712,25.251304276,0 51.617716800,25.251325322,0 51.617728577,25.251325322,0 51.617728577,25.251343288,0 51.617723704,25.251343288,0 51.617730609,25.251361254,0 51.617738509,25.251361254,0 51.617738509,25.251370237,0 51.617748441,25.251370237,0 51.617748441,25.251388204,0 51.617740303,25.251388204,0 51.617743424,25.251397187,0 51.617748441,25.251397187,0 51.617752788,25.251424136,0 51.617758374,25.251424136,0 51.617758374,25.251443619,0 51.617769410,25.251478035,0 51.617778238,25.251478035,0 51.617778238,25.251487018,0 51.617772057,25.251487018,0 51.617779523,25.251513967,0 51.617788170,25.251513967,0 51.617788170,25.251531933,0 51.617783604,25.251531933,0 51.617788885,25.251558883,0 51.617798103,25.251558883,0 51.617798103,25.251567866,0 51.617790370,25.251567866,0 51.617794663,25.251594815,0 51.617798103,25.251594815,0 51.617799508,25.251621765,0 51.617808035,25.251621765,0 51.617808035,25.251630748,0 51.617817967,25.251630748,0 51.617817967,25.251639731,0 51.617808035,25.251639731,0 51.617808035,25.251648714,0 51.617804029,25.251648714,0 51.617808035,25.251657697,0 51.617810325,25.251702613,0 51.617817967,25.251702613,0 51.617817967,25.251720579,0 51.617811666,25.251720579,0 51.617813229,25.251747528,0 51.617817967,25.251747528,0 51.617817967,25.251765494,0 51.617814112,25.251765494,0 51.617815259,25.251792444,0 51.617817967,25.251792444,0 51.617814698,25.251873292,0 51.617817967,25.251873292,0 51.617817967,25.251882275,0 51.617814243,25.251882275,0 51.617813682,25.251891258,0 51.617827899,25.251891258,0 51.617827899,25.251909224,0 51.617817967,25.251909224,0 51.617817967,25.251927190,0 51.617811253,25.251927190,0 51.617809120,25.251954140,0 51.617817967,25.251954140,0 51.617817967,25.251963123,0 51.617808143,25.251963123,0 51.617804876,25.251990072,0 51.617808035,25.251990072,0 51.617808035,25.252008038,0 51.617802210,25.252008038,0 51.617798103,25.252052954,0 51.617794117,25.252052954,0 51.617788496,25.252079903,0 51.617798103,25.252079903,0 51.617798103,25.252088886,0 51.617786354,25.252088886,0 51.617780005,25.252115836,0 51.617788170,25.252115836,0 51.617788170,25.252124819,0 51.617778238,25.252124819,0 51.617770705,25.252151768,0 51.617778238,25.252151768,0 51.617778238,25.252169734,0 51.617765909,25.252169734,0 51.617761053,25.252187701,0 51.617768306,25.252187701,0 51.617768306,25.252196684,0 51.617758606,25.252196684,0 51.617750903,25.252223633,0 51.617758374,25.252223633,0 51.617758374,25.252232616,0 51.617748387,25.252232616,0 51.617745677,25.252241599,0 51.617748441,25.252241599,0 51.617748441,25.252259565,0 51.617740257,25.252259565,0 51.617738509,25.252286515,0 51.617732128,25.252286515,0 51.617726708,25.252304481,0 51.617728577,25.252313464,0 51.617724013,25.252313464,0 51.617713671,25.252349397,0 51.617718645,25.252349397,0 51.617718645,25.252358380,0 51.617711086,25.252358380,0 51.617703329,25.252385329,0 51.617708712,25.252385329,0 51.617708712,25.252421261,0 51.617698780,25.252421261,0 51.617698780,25.252430245,0 51.617690402,25.252430245,0 51.617680059,25.252466177,0 51.617688848,25.252466177,0 51.617688848,25.252475160,0 51.617677504,25.252475160,0 51.617659786,25.252538042,0 51.617668983,25.252538042,0 51.617668983,25.252547025,0 51.617657255,25.252547025,0 51.617642068,25.252600924,0 51.617649119,25.252600924,0 51.617649119,25.252609907,0 51.617639531,25.252609907,0 51.617629254,25.252645865,0 51.617629254,25.252663805,0 51.617639187,25.252663805,0 51.617639187,25.252672789,0 51.617621559,25.252672789,0 51.617619322,25.252690755,0 51.617616424,25.252690755,0 51.617608722,25.252717704,0 51.617609390,25.252726687,0 51.617606155,25.252726687,0 51.617598452,25.252753637,0 51.617599458,25.252762620,0 51.617595918,25.252762620,0 51.617588364,25.252789569,0 51.617589525,25.252798552,0 51.617585846,25.252798552,0 51.617578291,25.252825501,0 51.617579593,25.252843468,0 51.617573255,25.252843468,0 51.617568218,25.252861434,0 51.617569661,25.252879400,0 51.617563182,25.252879400,0 51.617555627,25.252906349,0 51.617559728,25.252906349,0 51.617559728,25.252924316,0 51.617550479,25.252924316,0 51.617545300,25.252942282,0 51.617549796,25.252942282,0 51.617549796,25.252951265,0 51.617542711,25.252951265,0 51.617537533,25.252969231,0 51.617539864,25.252987197,0 51.617532355,25.252987197,0 51.617527177,25.253005164,0 51.617529932,25.253005164,0 51.617529932,25.253023130,0 51.617521999,25.253023130,0 51.617516821,25.253041096,0 51.617519999,25.253041096,0 51.617519999,25.253059062,0 51.617511734,25.253059062,0 51.617510067,25.253086012,0 51.617504185,25.253086012,0 51.617500135,25.253112961,0 51.617496637,25.253112961,0 51.617490203,25.253135931,0 51.617490203,25.253148894,0 51.617486572,25.253148894,0 51.617481539,25.253166860,0 51.617490203,25.253166860,0 51.617490203,25.253184826,0 51.617476600,25.253184826,0 51.617471773,25.253202792,0 51.617480270,25.253202792,0 51.617480270,25.253211775,0 51.617469362,25.253211775,0 51.617466950,25.253220758,0 51.617470338,25.253220758,0 51.617470338,25.253238725,0 51.617462195,25.253238725,0 51.617455074,25.253265674,0 51.617460406,25.253265674,0 51.617460406,25.253283640,0 51.617450474,25.253283640,0 51.617450474,25.253280537,0 51.617444722,25.253301606,0 51.617450474,25.253301606,0 51.617450474,25.253310590,0 51.617442219,25.253310590,0 51.617440541,25.253328556,0 51.617437143,25.253328556,0 51.617326777,25.253714830,0 51.617331287,25.253714830,0 51.617331287,25.253723813,0 51.617321354,25.253723813,0 51.617321354,25.253716695,0 51.617291558,25.253714830,0 51.617291558,25.253709744,0 51.617251829,25.253700475,0 51.617251829,25.253705846,0 51.617231964,25.253705846,0 51.617231964,25.253696863,0 51.617236345,25.253696863,0 51.617222032,25.253693524,0 51.617222032,25.253696863,0 51.617192235,25.253696863,0 51.617192235,25.253687880,0 51.617172371,25.253687880,0 51.617172371,25.253660931,0 51.617182303,25.253660931,0 51.617182303,25.253665832,0 51.617186262,25.253651948,0 51.617182303,25.253651948,0 51.617182303,25.253633982,0 51.617191386,25.253633982,0 51.617196510,25.253616015,0 51.617192235,25.253616015,0 51.617192235,25.253598049,0 51.617201634,25.253598049,0 51.617206757,25.253580083,0 51.617202167,25.253580083,0 51.617202167,25.253571100,0 51.617209319,25.253571100,0 51.617214443,25.253553134,0 51.617212100,25.253535167,0 51.617219567,25.253535167,0 51.617222032,25.253517201,0 51.617227311,25.253508218,0 51.617222032,25.253508218,0 51.617222032,25.253490252,0 51.617232495,25.253490252,0 51.617237680,25.253472286,0 51.617231964,25.253472286,0 51.617231964,25.253454319,0 51.617242865,25.253454319,0 51.617245457,25.253445336,0 51.617241896,25.253445336,0 51.617241896,25.253427370,0 51.617250642,25.253427370,0 51.617253234,25.253418387,0 51.617251829,25.253382454,0 51.617261761,25.253382454,0 51.617261761,25.253373471,0 51.617266098,25.253373471,0 51.617276250,25.253337539,0 51.617271693,25.253337539,0 51.617271693,25.253328556,0 51.617278788,25.253328556,0 51.617286402,25.253301606,0 51.617281625,25.253301606,0 51.617281625,25.253292623,0 51.617288940,25.253292623,0 51.617294016,25.253274657,0 51.617291558,25.253265674,0 51.617296499,25.253265674,0 51.617301490,25.253229742,0 51.617306307,25.253229742,0 51.617318568,25.253184826,0 51.617311422,25.253184826,0 51.617311422,25.253175843,0 51.617321020,25.253175843,0 51.617325924,25.253157877,0 51.617321354,25.253157877,0 51.617321354,25.253148894,0 51.617328376,25.253148894,0 51.617330828,25.253139910,0 51.617321354,25.253139910,0 51.617321354,25.253130927,0 51.617331287,25.253130927,0 51.617331287,25.253121944,0 51.617335848,25.253121944,0 51.617348356,25.253077029,0 51.617341219,25.253077029,0 51.617341219,25.253068046,0 51.617350887,25.253068046,0 51.617355960,25.253050079,0 51.617351151,25.253050079,0 51.617351151,25.253041096,0 51.617358494,25.253041096,0 51.617363526,25.253023130,0 51.617361083,25.253005164,0 51.617368625,25.253005164,0 51.617371016,25.252978214,0 51.617376392,25.252978214,0 51.617381570,25.252960248,0 51.617380948,25.252942282,0 51.617386748,25.252942282,0 51.617397104,25.252906349,0 51.617390880,25.252906349,0 51.617390880,25.252897366,0 51.617399693,25.252897366,0 51.617404871,25.252879400,0 51.617400812,25.252879400,0 51.617400812,25.252870417,0 51.617407420,25.252870417,0 51.617414975,25.252843468,0 51.617410745,25.252843468,0 51.617410745,25.252834485,0 51.617417493,25.252834485,0 51.617422529,25.252816518,0 51.617420677,25.252798552,0 51.617427566,25.252798552,0 51.617437638,25.252762620,0 51.617430609,25.252762620,0 51.617430609,25.252753637,0 51.617440156,25.252753637,0 51.617445193,25.252735670,0 51.617440541,25.252735670,0 51.617440541,25.252717704,0 51.617450253,25.252717704,0 51.617455388,25.252699738,0 51.617450474,25.252699738,0 51.617450474,25.252690755,0 51.617457955,25.252690755,0 51.617463090,25.252672789,0 51.617460406,25.252672789,0 51.617460406,25.252663805,0 51.617465658,25.252663805,0 51.617468225,25.252654822,0 51.617460406,25.252654822,0 51.617460406,25.252645839,0 51.617470338,25.252645839,0 51.617470338,25.252636856,0 51.617473360,25.252636856,0 51.617490203,25.252577925,0 51.617490203,25.252564991,0 51.617493863,25.252564991,0 51.617496394,25.252556008,0 51.617490203,25.252556008,0 51.617490203,25.252547025,0 51.617498925,25.252547025,0 51.617503988,25.252529059,0 51.617500135,25.252529059,0 51.617500135,25.252511093,0 51.617509050,25.252511093,0 51.617514112,25.252493126,0 51.617510067,25.252493126,0 51.617510067,25.252484143,0 51.617516644,25.252484143,0 51.617524237,25.252457194,0 51.617519999,25.252457194,0 51.617519999,25.252448211,0 51.617526768,25.252448211,0 51.617529932,25.252436983,0 51.617529932,25.252412278,0 51.617537030,25.252412278,0 51.617542149,25.252394312,0 51.617539864,25.252385329,0 51.617544708,25.252385329,0 51.617552387,25.252358380,0 51.617549796,25.252358380,0 51.617549796,25.252349397,0 51.617554985,25.252349397,0 51.617559728,25.252322447,0 51.617562821,25.252322447,0 51.617570647,25.252295498,0 51.617569661,25.252268549,0 51.617578514,25.252268549,0 51.617579593,25.252250582,0 51.617583935,25.252250582,0 51.617586645,25.252241599,0 51.617579593,25.252241599,0 51.617579593,25.252232616,0 51.617589356,25.252232616,0 51.617599458,25.252199137,0 51.617599458,25.252187701,0 51.617602699,25.252187701,0 51.617612692,25.252151768,0 51.617609390,25.252151768,0 51.617609390,25.252133802,0 51.617617689,25.252133802,0 51.617622369,25.252115836,0 51.617619322,25.252115836,0 51.617619322,25.252106853,0 51.617624608,25.252106853,0 51.617626847,25.252097869,0 51.617619322,25.252097869,0 51.617619322,25.252088886,0 51.617629086,25.252088886,0 51.617635802,25.252061937,0 51.617629254,25.252061937,0 51.617629254,25.252052954,0 51.617637981,25.252052954,0 51.617641386,25.252034988,0 51.617639187,25.251999055,0 51.617648196,25.251999055,0 51.617651601,25.251981089,0 51.617649119,25.251972106,0 51.617652643,25.251972106,0 51.617654425,25.251954140,0 51.617649119,25.251954140,0 51.617649119,25.251936173,0 51.617656207,25.251936173,0 51.617657098,25.251927190,0 51.617649119,25.251927190,0 51.617649119,25.251918207,0 51.617657989,25.251918207,0 51.617658881,25.251909224,0 51.617649119,25.251909224,0 51.617649119,25.251900241,0 51.617659051,25.251900241,0 51.617661803,25.251846342,0 51.617659051,25.251846342,0 51.617659051,25.251828376,0 51.617662144,25.251828376,0 51.617661920,25.251819393,0 51.617659051,25.251819393,0 51.617657975,25.251729562,0 51.617649119,25.251729562,0 51.617649119,25.251720579,0 51.617657272,25.251720579,0 51.617655864,25.251702613,0 51.617649119,25.251702613,0 51.617649119,25.251693629,0 51.617655160,25.251693629,0 51.617654457,25.251684646,0 51.617649119,25.251684646,0 51.617649119,25.251666680,0 51.617651808,25.251666680,0 51.617644027,25.251621765,0 51.617639187,25.251621765,0 51.617639187,25.251612781,0 51.617642461,25.251612781,0 51.617637763,25.251585832,0 51.617629254,25.251585832,0 51.617629254,25.251576849,0 51.617636197,25.251576849,0 51.617634631,25.251567866,0 51.617629254,25.251567866,0 51.617629254,25.251542538,0 51.617619322,25.251540917,0 51.617619322,25.251531933,0 51.617626040,25.251531933,0 51.617623317,25.251522950,0 51.617619322,25.251522950,0 51.617620595,25.251513967,0 51.617612412,25.251487018,0 51.617609390,25.251487018,0 51.617606647,25.251469052,0 51.617599458,25.251469052,0 51.617597695,25.251442102,0 51.617589525,25.251442102,0 51.617589525,25.251433119,0 51.617594712,25.251433119,0 51.617592379,25.251426095,0 51.617589525,25.251417851,0 51.617589525,25.251424136,0 51.617579593,25.251424136,0 51.617581574,25.251397187,0 51.617577990,25.251388204,0 51.617569661,25.251388204,0 51.617569661,25.251379220,0 51.617574406,25.251379220,0 51.617569661,25.251367328,0 51.617569661,25.251370237,0 51.617559728,25.251370237,0 51.617559728,25.251343466,0 51.617555388,25.251334305,0 51.617549796,25.251334305,0 51.617551048,25.251325322,0 51.617546709,25.251316339,0 51.617539864,25.251316339,0 51.617539864,25.251302170,0 51.617533636,25.251289389,0 51.617529932,25.251289389,0 51.617529007,25.251280406,0 51.617519999,25.251280406,0 51.617519999,25.251271423,0 51.617524191,25.251271423,0 51.617519263,25.251262440,0 51.617510067,25.251262440,0 51.617510067,25.251245680,0 51.617504477,25.251235491,0 51.617500135,25.251235491,0 51.617494480,25.251217524,0 51.617490203,25.251217524,0 51.617489216,25.251208541,0 51.617480270,25.251208541,0 51.617480270,25.251199558,0 51.617483811,25.251199558,0 51.617478342,25.251190575,0 51.617470338,25.251190575,0 51.617467405,25.251172609,0 51.617460624,25.251172609,0 51.617450474,25.251177827,0 51.617450474,25.251181592,0 51.617443149,25.251181592,0 51.617400812,25.251203401,0 51.617400812,25.251208541,0 51.617390833,25.251208541,0 51.617380948,25.251213634,0 51.617380948,25.251217524,0 51.617373396,25.251217524,0 51.617361083,25.251226508,0 51.617351859,25.251228619,0 51.617331287,25.251239649,0 51.617331287,25.251244474,0 51.617321354,25.251244474,0 51.617321354,25.251226508,0 51.617339558,25.251226508,0 51.617341219,25.251217524,0 51.617356120,25.251217524,0 51.617361083,25.251214832,0 51.617361083,25.251208541,0 51.617372681,25.251208541,0 51.617380948,25.251204057,0 51.617380948,25.251199558,0 51.617390880,25.251198670,0 51.617390880,25.251190575,0 51.617405805,25.251190575,0 51.617410745,25.251187896,0 51.617410745,25.251181592,0 51.617422366,25.251181592,0 51.617430609,25.251177121,0 51.617430609,25.251172609,0 51.617438928,25.251172609,0 51.617450474,25.251166341,0 51.617450474,25.251145840,0 51.617444458,25.251136676,0 51.617430609,25.251136676,0 51.617430609,25.251127693,0 51.617438474,25.251127693,0 51.617432426,25.251118710,0 51.617420677,25.251118710,0 51.617420677,25.251102074,0 51.617406011,25.251082778,0 51.617390880,25.251082778,0 51.617390880,25.251073795,0 51.617399184,25.251073795,0 51.617390880,25.251062869,0 51.617380948,25.251064812,0 51.617380948,25.251055828,0 51.617371016,25.251055828,0 51.617371016,25.251037912,0 51.617361083,25.251037862,0 51.617361083,25.251028879,0 51.617351151,25.251028879,0 51.617351151,25.251013836,0 51.617341219,25.251010913,0 51.617341327,25.251001930,0 51.617333915,25.250992947,0 51.617321354,25.250992947,0 51.617321354,25.250979467,0 51.617307968,25.250965997,0 51.617301490,25.250965997,0 51.617301490,25.250959480,0 51.617290111,25.250948031,0 51.617281625,25.250948031,0 51.617281149,25.250939048,0 51.617271693,25.250939048,0 51.617271693,25.250930065,0 51.617261761,25.250930065,0 51.617261761,25.250921082,0 51.617251829,25.250921082,0 51.617251829,25.250912099,0 51.617241896,25.250912099,0 51.617241896,25.250903116,0 51.617231964,25.250903116,0 51.617231964,25.250894132,0 51.617212100,25.250894132,0 51.617213164,25.250876166,0 51.617201988,25.250867183,0 51.617192235,25.250867183,0 51.617192235,25.250859344,0 51.617182303,25.250858200,0 51.617182303,25.250851361,0 51.617168459,25.250840234,0 51.617152506,25.250840234,0 51.617152506,25.250827549,0 51.617142574,25.250819804,0 51.617142574,25.250822268,0 51.617122709,25.250822268,0 51.617122709,25.250804316,0 51.617112777,25.250804301,0 51.617111169,25.250795318,0 51.617092913,25.250795318,0 51.617092913,25.250782022,0 51.617082980,25.250775574,0 51.617063116,25.250777352,0 51.617063116,25.250762679,0 51.617053183,25.250756231,0 51.617053183,25.250759386,0 51.617043251,25.250759386,0 51.617043251,25.250750403,0 51.617023387,25.250750403,0 51.617023387,25.250741420,0 51.617013454,25.250741420,0 51.617013454,25.250732436,0 51.617003522,25.250732436,0 51.617003522,25.250725650,0 51.616999817,25.250723453,0 51.616983658,25.250723453,0 51.616983658,25.250714470,0 51.616963793,25.250714470,0 51.616963793,25.250705487,0 51.616953861,25.250705487,0 51.616953861,25.250696504,0 51.616933996,25.250696504,0 51.616933996,25.250687521,0 51.616924064,25.250687521,0 51.616924064,25.250680106,0 51.616914132,25.250674767,0 51.616914132,25.250678538,0 51.616904200,25.250678538,0 51.616904200,25.250669555,0 51.616884335,25.250669555,0 51.616884335,25.250660572,0 51.616887724,25.250660572,0 51.616874403,25.250653411,0 51.616874403,25.250660572,0 51.616864471,25.250660572,0 51.616864471,25.250651588,0 51.616854538,25.250651588,0 51.616854538,25.250643371,0 51.616844606,25.250638634,0 51.616844606,25.250642605,0 51.616834674,25.250642605,0 51.616834674,25.250633897,0 51.616824742,25.250633622,0 51.616824742,25.250629160,0 51.616814809,25.250624422,0 51.616794945,25.250624639,0 51.616794945,25.250615656,0 51.616785013,25.250615656,0 51.616785013,25.250610210,0 51.616775080,25.250605473,0 51.616755216,25.250606673,0 51.616755216,25.250595995,0 51.616735351,25.250586495,0 51.616725419,25.250588707,0 51.616725419,25.250581744,0 51.616705555,25.250572243,0 51.616705555,25.250579724,0 51.616695622,25.250579724,0 51.616695622,25.250570740,0 51.616685690,25.250570740,0 51.616685690,25.250562743,0 51.616665826,25.250553242,0 51.616665826,25.250561757,0 51.616655893,25.250561757,0 51.616655893,25.250552774,0 51.616645961,25.250552774,0 51.616645961,25.250543791,0 51.616616164,25.250543791,0 51.616616164,25.250534808,0 51.616626097,25.250533702,0 51.616606232,25.250523788,0 51.616586368,25.250525825,0 51.616586368,25.250513872,0 51.616566503,25.250503957,0 51.616566503,25.250516842,0 51.616536706,25.250516842,0 51.616536706,25.250507859,0 51.616546638,25.250507859,0 51.616546638,25.250498876,0 51.616536706,25.250498876,0 51.616536706,25.250488862,0 51.616526774,25.250483544,0 51.616526774,25.250489892,0 51.616516842,25.250489892,0 51.616516842,25.250480909,0 51.616521854,25.250480909,0 51.616505078,25.250471926,0 51.616487045,25.250471926,0 51.616487045,25.250462270,0 51.616467180,25.250451633,0 51.616467180,25.250453960,0 51.616447316,25.250453960,0 51.616447316,25.250440996,0 51.616437974,25.250435994,0 51.616417519,25.250435994,0 51.616417519,25.250425042,0 51.616404417,25.250418028,0 51.616377790,25.250418028,0 51.616377790,25.250409044,0 51.616367858,25.250409044,0 51.616367858,25.250400061,0 51.616347993,25.250400061,0 51.616347993,25.250387820,0 51.616337301,25.250382095,0 51.616308264,25.250382095,0 51.616308264,25.250366554,0 51.616298332,25.250364129,0 51.616288400,25.250355954,0 51.616288400,25.250364129,0 51.616278468,25.250364129,0 51.616278468,25.250355146,0 51.616268535,25.250355146,0 51.616268535,25.250346163,0 51.616248671,25.250346163,0 51.616248671,25.250337180,0 51.616238739,25.250337180,0 51.616238739,25.250329455,0 51.616228806,25.250324155,0 51.616228806,25.250328196,0 51.616208942,25.250328196,0 51.616208942,25.250313965,0 51.616189077,25.250304125,0 51.616189077,25.250310230,0 51.616179145,25.250310230,0 51.616179145,25.250299206,0 51.616159281,25.250292264,0</coordinates></LinearRing></outerBoundaryIs></Polygon></Placemark><Placemark><name>Bridge_02 — below grade (-9.7 m)</name><description><![CDATA[<b>Bridge_02</b><br/>placements: 11 &nbsp; resources: 11<br/>deepest solid: <b>-9.67 m</b> below grade<br/>below-grade footprint: <b>4,168 m2</b><br/>cutout today: <b>NO</b><br/><br/><u>classifier verdict</u><br/>REFUSED — piered viaduct: no solid geometry reaches effective grade (≤ 0.5 m) within 35 m of the start deck end(s) — refused, no terrain feature (amendment A4)]]></description><styleUrl>#nocut</styleUrl><Polygon><altitudeMode>clampToGround</altitudeMode><outerBoundaryIs><LinearRing><coordinates>51.617192235,25.253687880,0 51.617197859,25.253687880,0 51.617193026,25.253686746,0 51.617346999,25.253141643,0 51.617457795,25.253166402,0 51.617430609,25.253301606,0 51.617428011,25.253301606,0 51.617311422,25.253714830,0 51.617301490,25.253714830,0 51.617301490,25.253712061,0 51.617202167,25.253688887,0 51.617202167,25.253696863,0 51.617192235,25.253696863,0 51.617192235,25.253687880,0</coordinates></LinearRing></outerBoundaryIs></Polygon></Placemark><Placemark><name>Bridge_02 — below grade (-9.7 m)</name><description><![CDATA[<b>Bridge_02</b><br/>placements: 11 &nbsp; resources: 11<br/>deepest solid: <b>-9.67 m</b> below grade<br/>below-grade footprint: <b>4,168 m2</b><br/>cutout today: <b>NO</b><br/><br/><u>classifier verdict</u><br/>REFUSED — piered viaduct: no solid geometry reaches effective grade (≤ 0.5 m) within 35 m of the start deck end(s) — refused, no terrain feature (amendment A4)]]></description><styleUrl>#nocut</styleUrl><Polygon><altitudeMode>clampToGround</altitudeMode><outerBoundaryIs><LinearRing><coordinates>51.617101321,25.250785352,0 51.617043251,25.250747608,0 51.617043251,25.250750403,0 51.617033319,25.250750403,0 51.617033691,25.250741420,0 51.616963793,25.250699978,0 51.616963793,25.250705487,0 51.616953861,25.250705487,0 51.616953861,25.250696504,0 51.616957934,25.250696504,0 51.616874403,25.250651363,0 51.616864471,25.250651588,0 51.616864471,25.250646455,0 51.616765148,25.250599063,0 51.616765148,25.250606673,0 51.616755216,25.250606673,0 51.616755216,25.250597690,0 51.616762274,25.250597690,0 51.616665826,25.250551563,0 51.616655893,25.250552774,0 51.616655893,25.250546756,0 51.616566503,25.250502144,0 51.616566503,25.250516842,0 51.616556571,25.250516842,0 51.616546638,25.250509931,0 51.616546638,25.250516842,0 51.616536706,25.250516842,0 51.616536706,25.250507859,0 51.616546638,25.250508154,0 51.616551738,25.250498876,0 51.616546638,25.250498876,0 51.616546638,25.250492128,0 51.616318197,25.250369809,0 51.616318197,25.250373112,0 51.616308264,25.250373112,0 51.616308264,25.250364508,0 51.616228806,25.250322124,0 51.616228806,25.250328196,0 51.616218874,25.250328196,0 51.616218874,25.250319213,0 51.616223232,25.250319213,0 51.616099687,25.250258002,0 51.616099687,25.250265315,0 51.616089755,25.250265315,0 51.616089755,25.250256332,0 51.616096466,25.250256332,0 51.616093976,25.250254980,0 51.616099687,25.250245554,0 51.616099687,25.250229382,0 51.616109445,25.250229382,0 51.616151555,25.250159867,0 51.616153003,25.250157517,0 51.616149348,25.250157517,0 51.616149348,25.250148534,0 51.616158466,25.250148534,0 51.616166273,25.250135647,0 51.616169213,25.250137103,0 51.616169213,25.250130568,0 51.616179145,25.250130568,0 51.616179145,25.250139551,0 51.616174154,25.250139551,0 51.616298332,25.250201202,0 51.616298332,25.250193450,0 51.616308264,25.250193450,0 51.616308264,25.250202433,0 51.616300640,25.250202433,0 51.616387722,25.250248888,0 51.616397655,25.250247348,0 51.616397655,25.250254205,0 51.616506909,25.250312697,0 51.616506909,25.250310230,0 51.616516842,25.250310230,0 51.616516842,25.250318016,0 51.616618407,25.250372411,0 51.616626097,25.250373112,0 51.616626097,25.250376249,0 51.616727964,25.250427011,0 51.616735351,25.250427011,0 51.616735351,25.250430543,0 51.616824742,25.250473294,0 51.616834674,25.250471926,0 51.616834674,25.250478037,0 51.616943929,25.250530443,0 51.616943929,25.250525825,0 51.616953861,25.250525825,0 51.616952050,25.250534808,0 51.617035620,25.250579724,0 51.617043251,25.250579724,0 51.617043251,25.250584080,0 51.617122709,25.250631192,0 51.617122709,25.250624639,0 51.617132642,25.250624639,0 51.617132642,25.250633622,0 51.617126613,25.250633622,0 51.617195694,25.250678538,0 51.617202167,25.250678538,0 51.617202167,25.250683089,0 51.617261761,25.250729467,0 51.617261761,25.250723453,0 51.617271693,25.250723453,0 51.617271693,25.250732436,0 51.617265501,25.250732436,0 51.617332462,25.250786335,0 51.617341219,25.250786335,0 51.617341219,25.250794230,0 51.617390880,25.250841365,0 51.617400812,25.250840234,0 51.617399068,25.250849217,0 51.617450474,25.250901042,0 51.617450474,25.250894132,0 51.617460406,25.250894132,0 51.617460406,25.250903116,0 51.617452349,25.250903116,0 51.617504309,25.250965997,0 51.617510067,25.250965997,0 51.617510067,25.250973018,0 51.617552499,25.251028879,0 51.617559728,25.251028879,0 51.617559179,25.251037862,0 51.617589525,25.251083467,0 51.617599458,25.251082778,0 51.617599458,25.251091761,0 51.617594755,25.251091761,0 51.617629254,25.251148435,0 51.617629254,25.251145660,0 51.617639187,25.251145660,0 51.617639187,25.251154643,0 51.617632812,25.251154643,0 51.617668983,25.251220580,0 51.617668983,25.251217524,0 51.617678916,25.251217524,0 51.617678916,25.251226508,0 51.617672107,25.251226508,0 51.617702465,25.251289389,0 51.617708712,25.251289389,0 51.617706443,25.251298372,0 51.617730609,25.251361254,0 51.617738509,25.251361254,0 51.617738509,25.251370237,0 51.617734060,25.251370237,0 51.617752788,25.251424136,0 51.617758374,25.251424136,0 51.617758374,25.251433119,0 51.617599458,25.251451085,0 51.617601689,25.251442102,0 51.617565767,25.251352271,0 51.617559728,25.251352271,0 51.617561859,25.251343288,0 51.617535836,25.251289389,0 51.617529932,25.251289389,0 51.617531317,25.251280406,0 51.617496822,25.251217524,0 51.617490203,25.251217524,0 51.617491532,25.251208541,0 51.617469659,25.251172609,0 51.617460406,25.251170711,0 51.617324497,25.251240725,0 51.617460406,25.251170249,0 51.617460406,25.251161031,0 51.617325538,25.251236905,0 51.617460406,25.251160732,0 51.617460406,25.251157408,0 51.617387922,25.251055828,0 51.617380948,25.251055828,0 51.617380948,25.251046971,0 51.617336316,25.250992947,0 51.617331287,25.250992947,0 51.617331287,25.250986866,0 51.617291558,25.250946826,0 51.617281625,25.250948031,0 51.617283840,25.250939048,0 51.617231964,25.250889767,0 51.617231964,25.250894132,0 51.617222032,25.250894132,0 51.617222032,25.250885149,0 51.617226344,25.250884432,0 51.617171421,25.250840234,0 51.617162438,25.250840234,0 51.617162438,25.250833005,0 51.617112777,25.250794269,0 51.617102845,25.250795318,0 51.617101321,25.250785352,0</coordinates></LinearRing></outerBoundaryIs></Polygon></Placemark><Placemark><name>Bridge_02 — below grade (-9.7 m)</name><description><![CDATA[<b>Bridge_02</b><br/>placements: 11 &nbsp; resources: 11<br/>deepest solid: <b>-9.67 m</b> below grade<br/>below-grade footprint: <b>4,168 m2</b><br/>cutout today: <b>NO</b><br/><br/><u>classifier verdict</u><br/>REFUSED — piered viaduct: no solid geometry reaches effective grade (≤ 0.5 m) within 35 m of the start deck end(s) — refused, no terrain feature (amendment A4)]]></description><styleUrl>#nocut</styleUrl><Polygon><altitudeMode>clampToGround</altitudeMode><outerBoundaryIs><LinearRing><coordinates>51.617410745,25.252897366,0 51.617450474,25.252897366,0 51.617450474,25.252924316,0 51.617420677,25.252924316,0 51.617420677,25.252915333,0 51.617410745,25.252915333,0 51.617410745,25.252897366,0</coordinates></LinearRing></outerBoundaryIs></Polygon></Placemark><Placemark><name>Bridge_02 — below grade (-9.7 m)</name><description><![CDATA[<b>Bridge_02</b><br/>placements: 11 &nbsp; resources: 11<br/>deepest solid: <b>-9.67 m</b> below grade<br/>below-grade footprint: <b>4,168 m2</b><br/>cutout today: <b>NO</b><br/><br/><u>classifier verdict</u><br/>REFUSED — piered viaduct: no solid geometry reaches effective grade (≤ 0.5 m) within 35 m of the start deck end(s) — refused, no terrain feature (amendment A4)]]></description><styleUrl>#nocut</styleUrl><Polygon><altitudeMode>clampToGround</altitudeMode><outerBoundaryIs><LinearRing><coordinates>51.617490203,25.252915333,0 51.617529932,25.252915333,0 51.617529932,25.252942282,0 51.617500135,25.252942282,0 51.617500135,25.252934221,0 51.617490203,25.252933299,0 51.617490203,25.252915333,0</coordinates></LinearRing></outerBoundaryIs></Polygon></Placemark><Placemark><name>Bridge_02 — below grade (-9.7 m)</name><description><![CDATA[<b>Bridge_02</b><br/>placements: 11 &nbsp; resources: 11<br/>deepest solid: <b>-9.67 m</b> below grade<br/>below-grade footprint: <b>4,168 m2</b><br/>cutout today: <b>NO</b><br/><br/><u>classifier verdict</u><br/>REFUSED — piered viaduct: no solid geometry reaches effective grade (≤ 0.5 m) within 35 m of the start deck end(s) — refused, no terrain feature (amendment A4)]]></description><styleUrl>#nocut</styleUrl><Polygon><altitudeMode>clampToGround</altitudeMode><outerBoundaryIs><LinearRing><coordinates>51.617510067,25.252627873,0 51.617510067,25.252619400,0 51.617500135,25.252618890,0 51.617500135,25.252600924,0 51.617529932,25.252600924,0 51.617529932,25.252627873,0 51.617510067,25.252627873,0</coordinates></LinearRing></outerBoundaryIs></Polygon></Placemark><Placemark><name>Bridge_02 — below grade (-9.7 m)</name><description><![CDATA[<b>Bridge_02</b><br/>placements: 11 &nbsp; resources: 11<br/>deepest solid: <b>-9.67 m</b> below grade<br/>below-grade footprint: <b>4,168 m2</b><br/>cutout today: <b>NO</b><br/><br/><u>classifier verdict</u><br/>REFUSED — piered viaduct: no solid geometry reaches effective grade (≤ 0.5 m) within 35 m of the start deck end(s) — refused, no terrain feature (amendment A4)]]></description><styleUrl>#nocut</styleUrl><Polygon><altitudeMode>clampToGround</altitudeMode><outerBoundaryIs><LinearRing><coordinates>51.617579593,25.252645839,0 51.617579593,25.252618890,0 51.617609390,25.252618890,0 51.617609390,25.252645839,0 51.617579593,25.252645839,0</coordinates></LinearRing></outerBoundaryIs></Polygon></Placemark><Placemark><name>Bridge_02 — below grade (-9.7 m)</name><description><![CDATA[<b>Bridge_02</b><br/>placements: 11 &nbsp; resources: 11<br/>deepest solid: <b>-9.67 m</b> below grade<br/>below-grade footprint: <b>4,168 m2</b><br/>cutout today: <b>NO</b><br/><br/><u>classifier verdict</u><br/>REFUSED — piered viaduct: no solid geometry reaches effective grade (≤ 0.5 m) within 35 m of the start deck end(s) — refused, no terrain feature (amendment A4)]]></description><styleUrl>#nocut</styleUrl><Polygon><altitudeMode>clampToGround</altitudeMode><outerBoundaryIs><LinearRing><coordinates>51.617619322,25.252304481,0 51.617619322,25.252331430,0 51.617589525,25.252331430,0 51.617589525,25.252304481,0 51.617619322,25.252304481,0</coordinates></LinearRing></outerBoundaryIs></Polygon></Placemark><Placemark><name>Bridge_02 — below grade (-9.7 m)</name><description><![CDATA[<b>Bridge_02</b><br/>placements: 11 &nbsp; resources: 11<br/>deepest solid: <b>-9.67 m</b> below grade<br/>below-grade footprint: <b>4,168 m2</b><br/>cutout today: <b>NO</b><br/><br/><u>classifier verdict</u><br/>REFUSED — piered viaduct: no solid geometry reaches effective grade (≤ 0.5 m) within 35 m of the start deck end(s) — refused, no terrain feature (amendment A4)]]></description><styleUrl>#nocut</styleUrl><Polygon><altitudeMode>clampToGround</altitudeMode><outerBoundaryIs><LinearRing><coordinates>51.617668983,25.252349397,0 51.617668983,25.252322447,0 51.617688848,25.252322447,0 51.617688848,25.252331430,0 51.617698780,25.252331430,0 51.617698780,25.252340413,0 51.617688848,25.252340413,0 51.617688848,25.252349397,0 51.617668983,25.252349397,0</coordinates></LinearRing></outerBoundaryIs></Polygon></Placemark><Placemark><name>Bridge_02 — below grade (-9.7 m)</name><description><![CDATA[<b>Bridge_02</b><br/>placements: 11 &nbsp; resources: 11<br/>deepest solid: <b>-9.67 m</b> below grade<br/>below-grade footprint: <b>4,168 m2</b><br/>cutout today: <b>NO</b><br/><br/><u>classifier verdict</u><br/>REFUSED — piered viaduct: no solid geometry reaches effective grade (≤ 0.5 m) within 35 m of the start deck end(s) — refused, no terrain feature (amendment A4)]]></description><styleUrl>#nocut</styleUrl><Polygon><altitudeMode>clampToGround</altitudeMode><outerBoundaryIs><LinearRing><coordinates>51.617668983,25.252034988,0 51.617668983,25.252008038,0 51.617688848,25.252008038,0 51.617688848,25.252016778,0 51.617698780,25.252017021,0 51.617698780,25.252034988,0 51.617668983,25.252034988,0</coordinates></LinearRing></outerBoundaryIs></Polygon></Placemark><Placemark><name>Bridge_02 — below grade (-9.7 m)</name><description><![CDATA[<b>Bridge_02</b><br/>placements: 11 &nbsp; resources: 11<br/>deepest solid: <b>-9.67 m</b> below grade<br/>below-grade footprint: <b>4,168 m2</b><br/>cutout today: <b>NO</b><br/><br/><u>classifier verdict</u><br/>REFUSED — piered viaduct: no solid geometry reaches effective grade (≤ 0.5 m) within 35 m of the start deck end(s) — refused, no terrain feature (amendment A4)]]></description><styleUrl>#nocut</styleUrl><Polygon><altitudeMode>clampToGround</altitudeMode><outerBoundaryIs><LinearRing><coordinates>51.617678916,25.251720579,0 51.617688848,25.251720579,0 51.617688848,25.251711596,0 51.617708712,25.251711596,0 51.617708712,25.251738545,0 51.617678916,25.251738545,0 51.617678916,25.251720579,0</coordinates></LinearRing></outerBoundaryIs></Polygon></Placemark><Placemark><name>Bridge_02 — below grade (-9.7 m)</name><description><![CDATA[<b>Bridge_02</b><br/>placements: 11 &nbsp; resources: 11<br/>deepest solid: <b>-9.67 m</b> below grade<br/>below-grade footprint: <b>4,168 m2</b><br/>cutout today: <b>NO</b><br/><br/><u>classifier verdict</u><br/>REFUSED — piered viaduct: no solid geometry reaches effective grade (≤ 0.5 m) within 35 m of the start deck end(s) — refused, no terrain feature (amendment A4)]]></description><styleUrl>#nocut</styleUrl><Polygon><altitudeMode>clampToGround</altitudeMode><outerBoundaryIs><LinearRing><coordinates>51.617748441,25.252026005,0 51.617778238,25.252026005,0 51.617778238,25.252043971,0 51.617768306,25.252043971,0 51.617768306,25.252052954,0 51.617748441,25.252052954,0 51.617748441,25.252026005,0</coordinates></LinearRing></outerBoundaryIs></Polygon></Placemark><Placemark><name>Bridge_02 — below grade (-9.7 m)</name><description><![CDATA[<b>Bridge_02</b><br/>placements: 11 &nbsp; resources: 11<br/>deepest solid: <b>-9.67 m</b> below grade<br/>below-grade footprint: <b>4,168 m2</b><br/>cutout today: <b>NO</b><br/><br/><u>classifier verdict</u><br/>REFUSED — piered viaduct: no solid geometry reaches effective grade (≤ 0.5 m) within 35 m of the start deck end(s) — refused, no terrain feature (amendment A4)]]></description><styleUrl>#nocut</styleUrl><Polygon><altitudeMode>clampToGround</altitudeMode><outerBoundaryIs><LinearRing><coordinates>51.617767966,25.251730495,0 51.617758374,25.251729562,0 51.617758374,25.251711596,0 51.617788170,25.251711596,0 51.617788170,25.251738545,0 51.617768306,25.251738545,0 51.617767966,25.251730495,0</coordinates></LinearRing></outerBoundaryIs></Polygon></Placemark></Folder><Folder><name>Bridge_03 — NO CUTOUT</name><description><![CDATA[<b>Bridge_03</b><br/>placements: 10 &nbsp; resources: 10<br/>deepest solid: <b>-8.72 m</b> below grade<br/>below-grade footprint: <b>347 m2</b><br/>cutout today: <b>NO</b><br/><br/><u>classifier verdict</u><br/>REFUSED — piered viaduct: no solid geometry reaches effective grade (≤ 0.5 m) within 35 m of the start deck end(s) — refused, no terrain feature (amendment A4)]]></description><Placemark><name>Bridge_03 — whole footprint</name><styleUrl>#whole</styleUrl><Polygon><altitudeMode>clampToGround</altitudeMode><outerBoundaryIs><LinearRing><coordinates>51.617063116,25.251621765,0 51.617065266,25.251603798,0 51.617059746,25.251594815,0 51.617053183,25.251594815,0 51.617054226,25.251585832,0 51.617043187,25.251567866,0 51.617033319,25.251567866,0 51.617032148,25.251549900,0 51.617023387,25.251549900,0 51.617023387,25.251531933,0 51.617032927,25.251531933,0 51.617043251,25.251526591,0 51.617043251,25.251522950,0 51.617053183,25.251521451,0 51.617053183,25.251513967,0 51.617063116,25.251513967,0 51.617063116,25.251504984,0 51.617073048,25.251504984,0 51.617073048,25.251511263,0 51.617092913,25.251502407,0 51.617092913,25.251496001,0 51.617108464,25.251496001,0 51.617132642,25.251486893,0 51.617132642,25.251478035,0 51.617142574,25.251478035,0 51.617142574,25.251483511,0 51.617162438,25.251477275,0 51.617162438,25.251469052,0 51.617182303,25.251469052,0 51.617182303,25.251460068,0 51.617212100,25.251460068,0 51.617212100,25.251463997,0 51.617231964,25.251459405,0 51.617231964,25.251451085,0 51.617251829,25.251451085,0 51.617251829,25.251455373,0 51.617261761,25.251451085,0 51.617281625,25.251450365,0 51.617281625,25.251442102,0 51.617291558,25.251442102,0 51.617291558,25.251449009,0 51.617301490,25.251447654,0 51.617301490,25.251442102,0 51.617311422,25.251442102,0 51.617311422,25.251446519,0 51.617321354,25.251445697,0 51.617321354,25.251442102,0 51.617361083,25.251443632,0 51.617361083,25.251433119,0 51.617371016,25.251433119,0 51.617371016,25.251443503,0 51.617400812,25.251443093,0 51.617400812,25.251433119,0 51.617410745,25.251433119,0 51.617410745,25.251442938,0 51.617440541,25.251442864,0 51.617440541,25.251433119,0 51.617450474,25.251433119,0 51.617450474,25.251442102,0 51.617500135,25.251442102,0 51.617500135,25.251445127,0 51.617510067,25.251445712,0 51.617510067,25.251433119,0 51.617529932,25.251433119,0 51.617529932,25.251442102,0 51.617549796,25.251442102,0 51.617549796,25.251448232,0 51.617559728,25.251448976,0 51.617559728,25.251442102,0 51.617589525,25.251442102,0 51.617589525,25.251451085,0 51.617584183,25.251451085,0 51.617599458,25.251453140,0 51.617609390,25.251451085,0 51.617609390,25.251454476,0 51.617619322,25.251455812,0 51.617619322,25.251451085,0 51.617629254,25.251451085,0 51.617629254,25.251457290,0 51.617639187,25.251459093,0 51.617639187,25.251451085,0 51.617649119,25.251451085,0 51.617649119,25.251460896,0 51.617678916,25.251466306,0 51.617678916,25.251460068,0 51.617698780,25.251460068,0 51.617698780,25.251470486,0 51.617718645,25.251475400,0 51.617718645,25.251469052,0 51.617728577,25.251469052,0 51.617728577,25.251477856,0 51.617738509,25.251480313,0 51.617748441,25.251478035,0 51.617748441,25.251482894,0 51.617758374,25.251485783,0 51.617758374,25.251478035,0 51.617768306,25.251478035,0 51.617768306,25.251487018,0 51.617808035,25.251487018,0 51.617808035,25.251496001,0 51.617817967,25.251496001,0 51.617817967,25.251503439,0 51.617827899,25.251507001,0 51.617857696,25.251504984,0 51.617857696,25.251513967,0 51.617867628,25.251513967,0 51.617867628,25.251522234,0 51.617877561,25.251526886,0 51.617877561,25.251522950,0 51.617887493,25.251522950,0 51.617887493,25.251531537,0 51.617897425,25.251536189,0 51.617897425,25.251531933,0 51.617907357,25.251531933,0 51.617907357,25.251541318,0 51.617917290,25.251546767,0 51.617917290,25.251540917,0 51.617927222,25.251540917,0 51.617927222,25.251549900,0 51.617937154,25.251549900,0 51.617937154,25.251557665,0 51.617947086,25.251558883,0 51.617947086,25.251563188,0 51.617969294,25.251576849,0 51.617976883,25.251576849,0 51.617976883,25.251581517,0 51.617983898,25.251585832,0 51.617996748,25.251585832,0 51.617996748,25.251594481,0 51.618026544,25.251612781,0 51.618056341,25.251638013,0 51.618056341,25.251630748,0 51.618066274,25.251630748,0 51.618066274,25.251639731,0 51.618058618,25.251639731,0 51.618086138,25.251657697,0 51.618092765,25.251666680,0 51.618106003,25.251666680,0 51.618106003,25.251675663,0 51.618125867,25.251675663,0 51.618125867,25.251693629,0 51.618135799,25.251693629,0 51.618135799,25.251703979,0 51.618145732,25.251713783,0 51.618155664,25.251711596,0 51.618155664,25.251720579,0 51.618152616,25.251720579,0 51.618161716,25.251729562,0 51.618175528,25.251729562,0 51.618175528,25.251738545,0 51.618170203,25.251738545,0 51.618178166,25.251747528,0 51.618185461,25.251747528,0 51.618186128,25.251756511,0 51.618195393,25.251756511,0 51.618195393,25.251767133,0 51.618208954,25.251783461,0 51.618215257,25.251783461,0 51.618215257,25.251791160,0 51.618237938,25.251819393,0 51.618245054,25.251819393,0 51.618244802,25.251828376,0 51.618263994,25.251855325,0 51.618274851,25.251855325,0 51.618274851,25.251864309,0 51.618270332,25.251864309,0 51.618282819,25.251882275,0 51.618294715,25.251882275,0 51.618294715,25.251891258,0 51.618288621,25.251891258,0 51.618305266,25.251918207,0 51.618324512,25.251918207,0 51.618324512,25.251936173,0 51.618315226,25.251936173,0 51.618324809,25.251954140,0 51.618334444,25.251954140,0 51.618334444,25.251963123,0 51.618329312,25.251963123,0 51.618337607,25.251981089,0 51.618344377,25.251981089,0 51.618344377,25.251996396,0 51.618353054,25.252017021,0 51.618364241,25.252017021,0 51.618364241,25.252026005,0 51.618356816,25.252026005,0 51.618367652,25.252052954,0 51.618374173,25.252052954,0 51.618374173,25.252061937,0 51.618371052,25.252061937,0 51.618377120,25.252079903,0 51.618384106,25.252079903,0 51.618384106,25.252088886,0 51.618380030,25.252088886,0 51.618387505,25.252115836,0 51.618394038,25.252115836,0 51.618394038,25.252124819,0 51.618389887,25.252124819,0 51.618394431,25.252142785,0 51.618403970,25.252142785,0 51.618403970,25.252151768,0 51.618396632,25.252151768,0 51.618401322,25.252178717,0 51.618403970,25.252178717,0 51.618404632,25.252205667,0 51.618413902,25.252205667,0 51.618413902,25.252223633,0 51.618406407,25.252223633,0 51.618407923,25.252241599,0 51.618413902,25.252241599,0 51.618413902,25.252250582,0 51.618408585,25.252250582,0 51.618410033,25.252277532,0 51.618413902,25.252277532,0 51.618409601,25.252304481,0 51.618413902,25.252304481,0 51.618413902,25.252313464,0 51.618409271,25.252313464,0 51.618408208,25.252331430,0 51.618413902,25.252331430,0 51.618413902,25.252340413,0 51.618407592,25.252340413,0 51.618404730,25.252367363,0 51.618413902,25.252367363,0 51.618413902,25.252376346,0 51.618403783,25.252376346,0 51.618403970,25.252403295,0 51.618400753,25.252403295,0 51.618398075,25.252421261,0 51.618403970,25.252421261,0 51.618403970,25.252430245,0 51.618396651,25.252430245,0 51.618388422,25.252475160,0 51.618394038,25.252475160,0 51.618394038,25.252493126,0 51.618384504,25.252493126,0 51.618382369,25.252502109,0 51.618394038,25.252502109,0 51.618394038,25.252520076,0 51.618377744,25.252520076,0 51.618374173,25.252547025,0 51.618370315,25.252547025,0 51.618365186,25.252564991,0 51.618374173,25.252564991,0 51.618374173,25.252573974,0 51.618362406,25.252573974,0 51.618354309,25.252598192,0 51.618354309,25.252609907,0 51.618349708,25.252609907,0 51.618338294,25.252636856,0 51.618344377,25.252636856,0 51.618344377,25.252645839,0 51.618334103,25.252645839,0 51.618314580,25.252690755,0 51.618292508,25.252726687,0 51.618294715,25.252744653,0 51.618281433,25.252744653,0 51.618274851,25.252754130,0 51.618274851,25.252771603,0 51.618264919,25.252771603,0 51.618264919,25.252768430,0 51.618256476,25.252780586,0 51.618264919,25.252780586,0 51.618264919,25.252798552,0 51.618245054,25.252796513,0 51.618235122,25.252809414,0 51.618235122,25.252816518,0 51.618229653,25.252816518,0 51.618222737,25.252825501,0 51.618225190,25.252834485,0 51.618215784,25.252834485,0 51.618185461,25.252868709,0 51.618185461,25.252879400,0 51.618175528,25.252878885,0 51.618135799,25.252917162,0 51.618135799,25.252924316,0 51.618127394,25.252924316,0 51.618093737,25.252951265,0 51.618096070,25.252960248,0 51.618081851,25.252960248,0 51.618066274,25.252970173,0 51.618066274,25.252978214,0 51.618056341,25.252976501,0 51.618039553,25.252987197,0 51.618046409,25.252987197,0 51.618046409,25.252996181,0 51.618026544,25.252996181,0 51.618026544,25.253014147,0 51.617996748,25.253013195,0 51.617976883,25.253025215,0 51.617976883,25.253032113,0 51.617966951,25.253031264,0 51.617927222,25.253055477,0 51.617927222,25.253059062,0 51.617921233,25.253059062,0 51.617877561,25.253083043,0 51.617877561,25.253094995,0 51.617867628,25.253094995,0 51.617867628,25.253088416,0 51.617817967,25.253113980,0 51.617817967,25.253121944,0 51.617802052,25.253121944,0 51.617768306,25.253138086,0 51.617768306,25.253148894,0 51.617758374,25.253148894,0 51.617758374,25.253142904,0 51.617746669,25.253148894,0 51.617748441,25.253166860,0 51.617712573,25.253166860,0 51.617678916,25.253186364,0 51.617678916,25.253193809,0 51.617668983,25.253192473,0 51.617649119,25.253204947,0 51.617649119,25.253211775,0 51.617638389,25.253211775,0 51.617612371,25.253229742,0 51.617619322,25.253229742,0 51.617619322,25.253238725,0 51.617600941,25.253238725,0 51.617599458,25.253247708,0 51.617589948,25.253247708,0 51.617579593,25.253256169,0 51.617579593,25.253265674,0 51.617569661,25.253265674,0 51.617569661,25.253274657,0 51.617559728,25.253274305,0 51.617549573,25.253283640,0 51.617549796,25.253292623,0 51.617539864,25.253293499,0 51.617539864,25.253310590,0 51.617529932,25.253310590,0 51.617529932,25.253319573,0 51.617516184,25.253319573,0 51.617508805,25.253328556,0 51.617510067,25.253337539,0 51.617500135,25.253339111,0 51.617500135,25.253364488,0 51.617490203,25.253364488,0 51.617490203,25.253355505,0 51.617486828,25.253355505,0 51.617480139,25.253364488,0 51.617480270,25.253373471,0 51.617473450,25.253373471,0 51.617470338,25.253377649,0 51.617470338,25.253391438,0 51.617461168,25.253391438,0 51.617455668,25.253400421,0 51.617460406,25.253400421,0 51.617460406,25.253409404,0 51.617450214,25.253409404,0 51.617440541,25.253427453,0 51.617440541,25.253445336,0 51.617431145,25.253445336,0 51.617423021,25.253463302,0 51.617430609,25.253463302,0 51.617430609,25.253472286,0 51.617418958,25.253472286,0 51.617414896,25.253481269,0 51.617420677,25.253481269,0 51.617420677,25.253490252,0 51.617411295,25.253490252,0 51.617408013,25.253499235,0 51.617410745,25.253499235,0 51.617410745,25.253508218,0 51.617404732,25.253508218,0 51.617400812,25.253518948,0 51.617400812,25.253544150,0 51.617392072,25.253544150,0 51.617385902,25.253562117,0 51.617390880,25.253562117,0 51.617390880,25.253580083,0 51.617380948,25.253580083,0 51.617380948,25.253576696,0 51.617373730,25.253598049,0 51.617380948,25.253598049,0 51.617380948,25.253607032,0 51.617371016,25.253606080,0 51.617367657,25.253616015,0 51.617371016,25.253616015,0 51.617371016,25.253624998,0 51.617380948,25.253624998,0 51.617380948,25.253633982,0 51.617371016,25.253633982,0 51.617371016,25.253642965,0 51.617359134,25.253642965,0 51.617353517,25.253660931,0 51.617361083,25.253660931,0 51.617361083,25.253678897,0 51.617347889,25.253678897,0 51.617339436,25.253705846,0 51.617341219,25.253723813,0 51.617321354,25.253723813,0 51.617321354,25.253715487,0 51.617311422,25.253712876,0 51.617301490,25.253714830,0 51.617301490,25.253710265,0 51.617271693,25.253702432,0 51.617271693,25.253705846,0 51.617261761,25.253705846,0 51.617261761,25.253696863,0 51.617271693,25.253696863,0 51.617271693,25.253702319,0 51.617301490,25.253710152,0 51.617301490,25.253705846,0 51.617308692,25.253705846,0 51.617321354,25.253667300,0 51.617321354,25.253651948,0 51.617326543,25.253651948,0 51.617338974,25.253616015,0 51.617331287,25.253616015,0 51.617331287,25.253607032,0 51.617341821,25.253607032,0 51.617347242,25.253589066,0 51.617341219,25.253589066,0 51.617341219,25.253580083,0 51.617349953,25.253580083,0 51.617355374,25.253562117,0 51.617351151,25.253562117,0 51.617351151,25.253553134,0 51.617358370,25.253553134,0 51.617361083,25.253535167,0 51.617364640,25.253535167,0 51.617371016,25.253508218,0 51.617374079,25.253508218,0 51.617383624,25.253481269,0 51.617380948,25.253481269,0 51.617380948,25.253472286,0 51.617387304,25.253472286,0 51.617391781,25.253463302,0 51.617390880,25.253445336,0 51.617401548,25.253443708,0 51.617400812,25.253427370,0 51.617406225,25.253427370,0 51.617413940,25.253400421,0 51.617410745,25.253400421,0 51.617410745,25.253391438,0 51.617416512,25.253391438,0 51.617424227,25.253364488,0 51.617420677,25.253364488,0 51.617420677,25.253355505,0 51.617426799,25.253355505,0 51.617434514,25.253328556,0 51.617430609,25.253328556,0 51.617430609,25.253310590,0 51.617439658,25.253310590,0 51.617442230,25.253301606,0 51.617440541,25.253265674,0 51.617452878,25.253265674,0 51.617473760,25.253238725,0 51.617470338,25.253238725,0 51.617470338,25.253229742,0 51.617480270,25.253231248,0 51.617510067,25.253199464,0 51.617510067,25.253193809,0 51.617516169,25.253193809,0 51.617539864,25.253172988,0 51.617539864,25.253157877,0 51.617549796,25.253157877,0 51.617549796,25.253164596,0 51.617579593,25.253139910,0 51.617659051,25.253089386,0 51.617659051,25.253077029,0 51.617668983,25.253077029,0 51.617668983,25.253083174,0 51.617698780,25.253065741,0 51.617698780,25.253059062,0 51.617710400,25.253059062,0 51.617748441,25.253038518,0 51.617748441,25.253032113,0 51.617758374,25.253033258,0 51.617808035,25.253008465,0 51.617808035,25.252996181,0 51.617817967,25.252996181,0 51.617817967,25.253003190,0 51.617857696,25.252982419,0 51.617857696,25.252969231,0 51.617867628,25.252969231,0 51.617867628,25.252977067,0 51.617917290,25.252947703,0 51.617917290,25.252942282,0 51.617926031,25.252942282,0 51.617969385,25.252915333,0 51.617966951,25.252906349,0 51.617983453,25.252906349,0 51.618016612,25.252884443,0 51.618016612,25.252879400,0 51.618023009,25.252879400,0 51.618056341,25.252852067,0 51.618056341,25.252843468,0 51.618065538,25.252843468,0 51.618096070,25.252814039,0 51.618096070,25.252807535,0 51.618102535,25.252807535,0 51.618126392,25.252780586,0 51.618125867,25.252771603,0 51.618133809,25.252771603,0 51.618155664,25.252743180,0 51.618155664,25.252735670,0 51.618161249,25.252735670,0 51.618192536,25.252690755,0 51.618185461,25.252690755,0 51.618185461,25.252681772,0 51.618197734,25.252681772,0 51.618250320,25.252573974,0 51.618245054,25.252573974,0 51.618245054,25.252564991,0 51.618253594,25.252564991,0 51.618259569,25.252547025,0 51.618254986,25.252547025,0 51.618254986,25.252538042,0 51.618262296,25.252538042,0 51.618267414,25.252520076,0 51.618264919,25.252511093,0 51.618269920,25.252511093,0 51.618281391,25.252466177,0 51.618274851,25.252466177,0 51.618274851,25.252457194,0 51.618283198,25.252457194,0 51.618289811,25.252421261,0 51.618284783,25.252421261,0 51.618284783,25.252412278,0 51.618291364,25.252412278,0 51.618297180,25.252367363,0 51.618294715,25.252358380,0 51.618297714,25.252358380,0 51.618294237,25.252286515,0 51.618284783,25.252286515,0 51.618284783,25.252277532,0 51.618293671,25.252277532,0 51.618292708,25.252259565,0 51.618284783,25.252259565,0 51.618284783,25.252250582,0 51.618292121,25.252250582,0 51.618290603,25.252232616,0 51.618284783,25.252232616,0 51.618284783,25.252223633,0 51.618289824,25.252223633,0 51.618287839,25.252205667,0 51.618284783,25.252205667,0 51.618283721,25.252178717,0 51.618274851,25.252178717,0 51.618274851,25.252169734,0 51.618282079,25.252169734,0 51.618261694,25.252097869,0 51.618254986,25.252097869,0 51.618254986,25.252088886,0 51.618258457,25.252088886,0 51.618236262,25.252034988,0 51.618225190,25.252034988,0 51.618225190,25.252026005,0 51.618232404,25.252026005,0 51.618224128,25.252008038,0 51.618215257,25.252008038,0 51.618215257,25.251999055,0 51.618219764,25.251999055,0 51.618205400,25.251972106,0 51.618195393,25.251972106,0 51.618195393,25.251963123,0 51.618199917,25.251963123,0 51.618188795,25.251945157,0 51.618175528,25.251945157,0 51.618175528,25.251936173,0 51.618183238,25.251936173,0 51.618172155,25.251918207,0 51.618165596,25.251918207,0 51.618166398,25.251909224,0 51.618125867,25.251851532,0 51.618125867,25.251855325,0 51.618115935,25.251855325,0 51.618115935,25.251839707,0 51.618105892,25.251828376,0 51.618096070,25.251828376,0 51.618097601,25.251819393,0 51.618080964,25.251801427,0 51.618076206,25.251801427,0 51.618076206,25.251796889,0 51.618052513,25.251774477,0 51.618046409,25.251774477,0 51.618046409,25.251768792,0 51.618033169,25.251756511,0 51.618026544,25.251756511,0 51.618026544,25.251750397,0 51.618013597,25.251738545,0 51.618006680,25.251738545,0 51.618006680,25.251732352,0 51.617992445,25.251720579,0 51.617976883,25.251720579,0 51.617976883,25.251711596,0 51.617981115,25.251711596,0 51.617957159,25.251693629,0 51.617947086,25.251693629,0 51.617947086,25.251686395,0 51.617937154,25.251684646,0 51.617937154,25.251679321,0 51.617927222,25.251672247,0 51.617927222,25.251675663,0 51.617917290,25.251675663,0 51.617917290,25.251665779,0 51.617889551,25.251648714,0 51.617867628,25.251648714,0 51.617867628,25.251639731,0 51.617873076,25.251639731,0 51.617856106,25.251630748,0 51.617837832,25.251630748,0 51.617837832,25.251621849,0 51.617778238,25.251598924,0 51.617778238,25.251603798,0 51.617768306,25.251603798,0 51.617768306,25.251595920,0 51.617758374,25.251593040,0 51.617748441,25.251594815,0 51.617748441,25.251590160,0 51.617718645,25.251581520,0 51.617718645,25.251585832,0 51.617708712,25.251585832,0 51.617708712,25.251578841,0 51.617678916,25.251571475,0 51.617678916,25.251576849,0 51.617668983,25.251576849,0 51.617668983,25.251569019,0 51.617664317,25.251567866,0 51.617649119,25.251565101,0 51.617649119,25.251567866,0 51.617629254,25.251567866,0 51.617629254,25.251561513,0 51.617609390,25.251557924,0 51.617589525,25.251558883,0 51.617589525,25.251555657,0 51.617569661,25.251553524,0 51.617569661,25.251558883,0 51.617549796,25.251558883,0 51.617549796,25.251552560,0 51.617539864,25.251552129,0 51.617539864,25.251558883,0 51.617510067,25.251558883,0 51.617510067,25.251551083,0 51.617490203,25.251550448,0 51.617490203,25.251558883,0 51.617470338,25.251558883,0 51.617470338,25.251550040,0 51.617460406,25.251549842,0 51.617450474,25.251549900,0 51.617450474,25.251558883,0 51.617420677,25.251558883,0 51.617420677,25.251550761,0 51.617410745,25.251551210,0 51.617410745,25.251558883,0 51.617390880,25.251558883,0 51.617390880,25.251552114,0 51.617371016,25.251553141,0 51.617371016,25.251558883,0 51.617331287,25.251556823,0 51.617331287,25.251567866,0 51.617311422,25.251567866,0 51.617311422,25.251559525,0 51.617301490,25.251560953,0 51.617301490,25.251567866,0 51.617281625,25.251567866,0 51.617281625,25.251564405,0 51.617251829,25.251570919,0 51.617251829,25.251576849,0 51.617231964,25.251575849,0 51.617212100,25.251581129,0 51.617212100,25.251585832,0 51.617202167,25.251584041,0 51.617182303,25.251590322,0 51.617182303,25.251594815,0 51.617172371,25.251594815,0 51.617172371,25.251603798,0 51.617162438,25.251603798,0 51.617162438,25.251597739,0 51.617152506,25.251601479,0 51.617142574,25.251605899,0 51.617142574,25.251612781,0 51.617127593,25.251612781,0 51.617112777,25.251620480,0 51.617112777,25.251630748,0 51.617092913,25.251630748,0 51.617092913,25.251639731,0 51.617073048,25.251639731,0 51.617073048,25.251630748,0 51.617081825,25.251630748,0 51.617076305,25.251621765,0 51.617063116,25.251621765,0</coordinates></LinearRing></outerBoundaryIs></Polygon></Placemark><Placemark><name>Bridge_03 — below grade (-8.7 m)</name><description><![CDATA[<b>Bridge_03</b><br/>placements: 10 &nbsp; resources: 10<br/>deepest solid: <b>-8.72 m</b> below grade<br/>below-grade footprint: <b>347 m2</b><br/>cutout today: <b>NO</b><br/><br/><u>classifier verdict</u><br/>REFUSED — piered viaduct: no solid geometry reaches effective grade (≤ 0.5 m) within 35 m of the start deck end(s) — refused, no terrain feature (amendment A4)]]></description><styleUrl>#nocut</styleUrl><Polygon><altitudeMode>clampToGround</altitudeMode><outerBoundaryIs><LinearRing><coordinates>51.617261761,25.253705846,0 51.617261761,25.253696863,0 51.617271693,25.253696863,0 51.617271693,25.253702319,0 51.617324170,25.253714830,0 51.617336816,25.253669914,0 51.617331287,25.253669914,0 51.617331287,25.253660931,0 51.617339360,25.253660931,0 51.617365077,25.253571100,0 51.617361083,25.253571100,0 51.617361083,25.253562117,0 51.617367649,25.253562117,0 51.617377936,25.253526184,0 51.617371016,25.253526184,0 51.617371016,25.253517201,0 51.617380508,25.253517201,0 51.617403654,25.253436353,0 51.617400812,25.253436353,0 51.617400812,25.253427370,0 51.617406225,25.253427370,0 51.617413940,25.253400421,0 51.617410745,25.253400421,0 51.617410745,25.253391438,0 51.617416512,25.253391438,0 51.617424227,25.253364488,0 51.617420677,25.253364488,0 51.617420677,25.253355505,0 51.617426799,25.253355505,0 51.617434514,25.253328556,0 51.617430609,25.253328556,0 51.617430609,25.253319573,0 51.617437086,25.253319573,0 51.617444632,25.253293215,0 51.617509913,25.253312091,0 51.617487561,25.253346522,0 51.617490203,25.253348442,0 51.617513336,25.253319573,0 51.617510067,25.253319573,0 51.617510067,25.253310590,0 51.617519999,25.253311662,0 51.617539864,25.253289165,0 51.617539864,25.253283640,0 51.617545012,25.253283640,0 51.617573851,25.253256691,0 51.617569661,25.253256691,0 51.617569661,25.253247708,0 51.617579593,25.253247708,0 51.617579593,25.253251790,0 51.617607836,25.253229742,0 51.617599458,25.253229742,0 51.617599458,25.253220758,0 51.617609390,25.253220758,0 51.617609390,25.253228568,0 51.617632621,25.253211775,0 51.617629254,25.253211775,0 51.617629254,25.253202792,0 51.617639187,25.253202792,0 51.617639187,25.253207107,0 51.617668983,25.253189649,0 51.617668983,25.253184826,0 51.617677161,25.253184826,0 51.617718645,25.253157877,0 51.617758744,25.253139910,0 51.617758374,25.253130927,0 51.617768306,25.253130927,0 51.617768306,25.253135082,0 51.617798103,25.253119910,0 51.617798103,25.253112961,0 51.617808035,25.253114868,0 51.617868108,25.253086012,0 51.617867628,25.253077029,0 51.617877561,25.253077029,0 51.617877561,25.253081030,0 51.617918253,25.253059062,0 51.617917290,25.253050079,0 51.617927222,25.253050079,0 51.617927222,25.253053946,0 51.617966951,25.253030090,0 51.617966951,25.253023130,0 51.617976883,25.253024117,0 51.618026544,25.252993670,0 51.618026544,25.252987197,0 51.618036477,25.252987569,0 51.618079648,25.252960248,0 51.618076206,25.252960248,0 51.618076206,25.252951265,0 51.618086138,25.252951265,0 51.618086138,25.252955744,0 51.618125867,25.252923453,0 51.618125867,25.252915333,0 51.618135219,25.252915333,0 51.618175528,25.252876500,0 51.618175528,25.252870417,0 51.618181633,25.252870417,0 51.618213459,25.252834485,0 51.618205325,25.252834485,0 51.618205325,25.252825501,0 51.618215257,25.252825501,0 51.618215257,25.252832344,0 51.618245054,25.252789569,0 51.618248082,25.252789569,0 51.618284783,25.252736775,0 51.618310577,25.252690755,0 51.618304648,25.252690755,0 51.618304648,25.252681772,0 51.618314580,25.252682512,0 51.618347774,25.252609907,0 51.618344377,25.252609907,0 51.618346667,25.252600924,0 51.618254986,25.252571248,0 51.618239895,25.252600924,0 51.618245054,25.252600924,0 51.618245054,25.252609907,0 51.618235688,25.252609907,0 51.618218516,25.252645839,0 51.618225190,25.252645839,0 51.618225190,25.252654822,0 51.618215257,25.252654822,0 51.618215257,25.252652271,0 51.618195393,25.252690755,0 51.618162383,25.252735670,0 51.618165596,25.252735670,0 51.618165596,25.252744653,0 51.618155700,25.252744653,0 51.618134970,25.252771603,0 51.618135799,25.252780586,0 51.618127610,25.252780586,0 51.618103746,25.252807535,0 51.618106003,25.252816518,0 51.618096070,25.252815287,0 51.618066274,25.252844003,0 51.618066274,25.252852451,0 51.618057239,25.252852451,0 51.618024113,25.252879400,0 51.618026544,25.252888383,0 51.618016612,25.252888383,0 51.618016612,25.252885251,0 51.617986814,25.252906349,0 51.617986815,25.252915333,0 51.617976883,25.252913296,0 51.617927222,25.252943749,0 51.617927222,25.252951265,0 51.617917290,25.252949822,0 51.617870020,25.252978214,0 51.617877561,25.252978214,0 51.617877561,25.252987197,0 51.617867628,25.252987197,0 51.617867628,25.252979651,0 51.617817967,25.253004050,0 51.617758374,25.253036636,0 51.617758374,25.253041096,0 51.617749691,25.253041096,0 51.617714415,25.253059062,0 51.617718645,25.253059062,0 51.617718645,25.253068046,0 51.617708712,25.253068046,0 51.617708712,25.253061967,0 51.617666437,25.253086820,0 51.617625969,25.253112961,0 51.617629254,25.253112961,0 51.617629254,25.253121944,0 51.617619322,25.253121944,0 51.617619322,25.253117290,0 51.617585621,25.253139910,0 51.617589525,25.253139910,0 51.617589525,25.253148894,0 51.617579593,25.253148894,0 51.617579593,25.253144152,0 51.617548126,25.253167687,0 51.617519094,25.253193809,0 51.617519999,25.253202792,0 51.617510067,25.253202427,0 51.617480270,25.253234049,0 51.617480270,25.253238725,0 51.617476064,25.253238725,0 51.617450474,25.253269235,0 51.617450474,25.253274657,0 51.617440541,25.253274657,0 51.617440541,25.253265674,0 51.617450474,25.253265674,0 51.617450474,25.253268804,0 51.617475703,25.253238725,0 51.617470338,25.253238725,0 51.617470338,25.253229742,0 51.617480270,25.253229742,0 51.617480270,25.253233561,0 51.617510067,25.253201943,0 51.617510067,25.253193809,0 51.617518459,25.253193809,0 51.617548415,25.253166860,0 51.617539864,25.253166860,0 51.617539864,25.253157877,0 51.617549796,25.253157877,0 51.617549796,25.253165774,0 51.617579593,25.253143489,0 51.617579593,25.253139910,0 51.617584552,25.253139910,0 51.617619322,25.253116573,0 51.617619322,25.253112961,0 51.617624829,25.253112961,0 51.617666552,25.253086012,0 51.617659051,25.253086012,0 51.617659051,25.253077029,0 51.617668983,25.253077029,0 51.617668983,25.253084543,0 51.617708712,25.253059062,0 51.617748441,25.253040888,0 51.617748441,25.253032113,0 51.617758374,25.253032113,0 51.617758374,25.253035823,0 51.617814344,25.253005164,0 51.617808035,25.253005164,0 51.617808035,25.252996181,0 51.617817967,25.252996181,0 51.617817967,25.253003190,0 51.617868736,25.252978214,0 51.617917290,25.252949049,0 51.617917290,25.252942282,0 51.617927222,25.252942984,0 51.617976883,25.252912540,0 51.617976883,25.252906349,0 51.617985701,25.252906349,0 51.618016612,25.252884443,0 51.618016612,25.252879400,0 51.618023009,25.252879400,0 51.618056341,25.252852282,0 51.618056341,25.252843468,0 51.618065789,25.252843468,0 51.618096070,25.252814292,0 51.618096070,25.252807535,0 51.618102782,25.252807535,0 51.618126644,25.252780586,0 51.618125867,25.252771603,0 51.618134051,25.252771603,0 51.618155664,25.252743505,0 51.618155664,25.252735670,0 51.618161492,25.252735670,0 51.618192750,25.252690755,0 51.618185461,25.252690755,0 51.618185461,25.252681772,0 51.618195393,25.252681772,0 51.618195393,25.252686334,0 51.618215257,25.252650758,0 51.618235122,25.252609371,0 51.618235122,25.252600924,0 51.618239086,25.252600924,0 51.618250515,25.252573974,0 51.618245054,25.252573974,0 51.618245054,25.252564991,0 51.618254986,25.252564991,0 51.618254986,25.252571232,0 51.618354309,25.252600924,0 51.618354309,25.252609907,0 51.618348583,25.252609907,0 51.618337147,25.252636856,0 51.618344377,25.252636856,0 51.618344377,25.252645839,0 51.618334444,25.252645839,0 51.618334444,25.252642682,0 51.618314580,25.252684231,0 51.618314580,25.252690755,0 51.618311423,25.252690755,0 51.618286312,25.252735670,0 51.618294715,25.252735670,0 51.618294715,25.252744653,0 51.618284783,25.252744653,0 51.618284783,25.252738055,0 51.618248974,25.252789569,0 51.618254986,25.252789569,0 51.618254986,25.252798552,0 51.618245054,25.252798552,0 51.618245054,25.252794821,0 51.618215257,25.252834485,0 51.618182597,25.252870417,0 51.618185461,25.252870417,0 51.618185461,25.252879400,0 51.618175528,25.252877494,0 51.618135799,25.252915776,0 51.618135799,25.252924316,0 51.618125911,25.252924316,0 51.618086138,25.252956642,0 51.618086138,25.252960248,0 51.618080831,25.252960248,0 51.618036477,25.252988331,0 51.618036477,25.252996181,0 51.618026544,25.252994428,0 51.617976883,25.253024883,0 51.617976883,25.253032113,0 51.617966951,25.253030863,0 51.617927222,25.253054717,0 51.617927222,25.253059062,0 51.617919773,25.253059062,0 51.617877561,25.253081850,0 51.617877561,25.253086012,0 51.617869852,25.253086012,0 51.617808035,25.253115737,0 51.617808035,25.253121944,0 51.617798103,25.253120755,0 51.617768306,25.253135927,0 51.617768306,25.253139910,0 51.617760484,25.253139910,0 51.617723270,25.253157877,0 51.617728577,25.253157877,0 51.617728577,25.253166860,0 51.617718645,25.253166860,0 51.617718515,25.253160168,0 51.617678397,25.253184826,0 51.617678916,25.253193809,0 51.617668983,25.253193809,0 51.617668983,25.253190430,0 51.617639187,25.253207885,0 51.617639187,25.253211775,0 51.617633563,25.253211775,0 51.617608073,25.253230199,0 51.617545597,25.253283640,0 51.617549796,25.253283640,0 51.617549796,25.253292623,0 51.617539864,25.253292623,0 51.617539864,25.253289622,0 51.617519999,25.253312117,0 51.617519999,25.253319573,0 51.617513665,25.253319573,0 51.617490203,25.253348853,0 51.617490203,25.253355505,0 51.617485014,25.253355505,0 51.617470338,25.253375060,0 51.617470338,25.253382454,0 51.617464789,25.253382454,0 51.617448490,25.253409404,0 51.617435036,25.253436353,0 51.617440541,25.253436353,0 51.617440541,25.253445336,0 51.617430664,25.253445336,0 51.617414427,25.253481269,0 51.617420677,25.253481269,0 51.617420677,25.253490252,0 51.617410835,25.253490252,0 51.617400812,25.253526184,0 51.617397768,25.253526184,0 51.617385427,25.253562117,0 51.617390880,25.253562117,0 51.617390880,25.253571100,0 51.617382365,25.253571100,0 51.617367185,25.253616015,0 51.617371016,25.253616015,0 51.617371016,25.253624998,0 51.617364281,25.253624998,0 51.617351151,25.253669914,0 51.617336152,25.253714830,0 51.617341219,25.253714830,0 51.617341219,25.253723813,0 51.617321354,25.253723813,0 51.617321354,25.253715487,0 51.617271693,25.253702432,0 51.617271693,25.253705846,0 51.617261761,25.253705846,0</coordinates></LinearRing></outerBoundaryIs></Polygon></Placemark><Placemark><name>Bridge_03 — below grade (-8.7 m)</name><description><![CDATA[<b>Bridge_03</b><br/>placements: 10 &nbsp; resources: 10<br/>deepest solid: <b>-8.72 m</b> below grade<br/>below-grade footprint: <b>347 m2</b><br/>cutout today: <b>NO</b><br/><br/><u>classifier verdict</u><br/>REFUSED — piered viaduct: no solid geometry reaches effective grade (≤ 0.5 m) within 35 m of the start deck end(s) — refused, no terrain feature (amendment A4)]]></description><styleUrl>#nocut</styleUrl><Polygon><altitudeMode>clampToGround</altitudeMode><outerBoundaryIs><LinearRing><coordinates>51.617053183,25.251528873,0 51.617073048,25.251518565,0 51.617073048,25.251513967,0 51.617082980,25.251513989,0 51.617102845,25.251504984,0 51.617132642,25.251493846,0 51.617132642,25.251487018,0 51.617142574,25.251487018,0 51.617142574,25.251490306,0 51.617162438,25.251484076,0 51.617162438,25.251478035,0 51.617172371,25.251478035,0 51.617172371,25.251480987,0 51.617202167,25.251473120,0 51.617202167,25.251469052,0 51.617212100,25.251470625,0 51.617231964,25.251465953,0 51.617231964,25.251460068,0 51.617241896,25.251460068,0 51.617241896,25.251463627,0 51.617271693,25.251458046,0 51.617271693,25.251451085,0 51.617281625,25.251451085,0 51.617281625,25.251456590,0 51.617301490,25.251453813,0 51.617301490,25.251451085,0 51.617331287,25.251450545,0 51.617331287,25.251442102,0 51.617341219,25.251442102,0 51.617341219,25.251449766,0 51.617361083,25.251448701,0 51.617361083,25.251442102,0 51.617371016,25.251442102,0 51.617371016,25.251448377,0 51.617380948,25.251448064,0 51.617380948,25.251442102,0 51.617390880,25.251442102,0 51.617390880,25.251447756,0 51.617420677,25.251446861,0 51.617420677,25.251442102,0 51.617430609,25.251442102,0 51.617430609,25.251446708,0 51.617450474,25.251446556,0 51.617450474,25.251442102,0 51.617460406,25.251442102,0 51.617460406,25.251446606,0 51.617490203,25.251447647,0 51.617490203,25.251442102,0 51.617500135,25.251442102,0 51.617500135,25.251448056,0 51.617529932,25.251449417,0 51.617529932,25.251442102,0 51.617539864,25.251442102,0 51.617539864,25.251449893,0 51.617579593,25.251451085,0 51.617619322,25.251457149,0 51.617619322,25.251451085,0 51.617629254,25.251451085,0 51.617629254,25.251458553,0 51.617698780,25.251469052,0 51.617698780,25.251471744,0 51.617738509,25.251481568,0 51.617738509,25.251478035,0 51.617748441,25.251478035,0 51.617748441,25.251484164,0 51.617808035,25.251501474,0 51.617808035,25.251496001,0 51.617817967,25.251496001,0 51.617817967,25.251504661,0 51.617847764,25.251515068,0 51.617857696,25.251513967,0 51.617857696,25.251518594,0 51.617897425,25.251536927,0 51.617897425,25.251531933,0 51.617907357,25.251531933,0 51.617905095,25.251540917,0 51.617927222,25.251552912,0 51.617927222,25.251549900,0 51.617937154,25.251549900,0 51.617937154,25.251558594,0 51.617967523,25.251576849,0 51.617976883,25.251576849,0 51.617976883,25.251585832,0 51.617971733,25.251585832,0 51.617937693,25.251677336,0 51.617876725,25.251640721,0 51.617929968,25.251558883,0 51.617927222,25.251558883,0 51.617927222,25.251553518,0 51.617857696,25.251519175,0 51.617857696,25.251522950,0 51.617847764,25.251522950,0 51.617847764,25.251515625,0 51.617748441,25.251484710,0 51.617738509,25.251487018,0 51.617738509,25.251482107,0 51.617698780,25.251472282,0 51.617698780,25.251478035,0 51.617688848,25.251478035,0 51.617688848,25.251469876,0 51.617629254,25.251459083,0 51.617619322,25.251460068,0 51.617619322,25.251457673,0 51.617579593,25.251452822,0 51.617579593,25.251460068,0 51.617569661,25.251460068,0 51.617569661,25.251452205,0 51.617500135,25.251448577,0 51.617500135,25.251451085,0 51.617490203,25.251451085,0 51.617490203,25.251448167,0 51.617460406,25.251447126,0 51.617460406,25.251451085,0 51.617450474,25.251451085,0 51.617450474,25.251447076,0 51.617430609,25.251447228,0 51.617430609,25.251451085,0 51.617420677,25.251451085,0 51.617420677,25.251447382,0 51.617311422,25.251453073,0 51.617311422,25.251460068,0 51.617301490,25.251460068,0 51.617301490,25.251454339,0 51.617281625,25.251457116,0 51.617281625,25.251460068,0 51.617271693,25.251458577,0 51.617241896,25.251464158,0 51.617241896,25.251469052,0 51.617231964,25.251469052,0 51.617231964,25.251466490,0 51.617212100,25.251471161,0 51.617212100,25.251478035,0 51.617202167,25.251478035,0 51.617202167,25.251473661,0 51.617172371,25.251481529,0 51.617172371,25.251487018,0 51.617162438,25.251487018,0 51.617162438,25.251484626,0 51.617142574,25.251490856,0 51.617142574,25.251496001,0 51.617132642,25.251494408,0 51.617104563,25.251504984,0 51.617112777,25.251504984,0 51.617112777,25.251513967,0 51.617102845,25.251513967,0 51.617102845,25.251505711,0 51.617082980,25.251514568,0 51.617082980,25.251522950,0 51.617073048,25.251522950,0 51.617073048,25.251519164,0 51.617031010,25.251540917,0 51.617032155,25.251549900,0 51.617084495,25.251635082,0 51.617032149,25.251549900,0 51.617023387,25.251549900,0 51.617023387,25.251540917,0 51.617047261,25.251531933,0 51.617043251,25.251531933,0 51.617043251,25.251522950,0 51.617053183,25.251522950,0 51.617053183,25.251528873,0</coordinates></LinearRing></outerBoundaryIs></Polygon></Placemark><Placemark><name>Bridge_03 — below grade (-8.7 m)</name><description><![CDATA[<b>Bridge_03</b><br/>placements: 10 &nbsp; resources: 10<br/>deepest solid: <b>-8.72 m</b> below grade<br/>below-grade footprint: <b>347 m2</b><br/>cutout today: <b>NO</b><br/><br/><u>classifier verdict</u><br/>REFUSED — piered viaduct: no solid geometry reaches effective grade (≤ 0.5 m) within 35 m of the start deck end(s) — refused, no terrain feature (amendment A4)]]></description><styleUrl>#nocut</styleUrl><Polygon><altitudeMode>clampToGround</altitudeMode><outerBoundaryIs><LinearRing><coordinates>51.618145732,25.251801427,0 51.618155664,25.251800870,0 51.618155664,25.251792444,0 51.618175528,25.251792444,0 51.618175528,25.251819393,0 51.618165596,25.251819393,0 51.618165596,25.251828376,0 51.618145732,25.251828376,0 51.618145732,25.251801427,0</coordinates></LinearRing></outerBoundaryIs></Polygon></Placemark><Placemark><name>Bridge_03 — below grade (-8.7 m)</name><description><![CDATA[<b>Bridge_03</b><br/>placements: 10 &nbsp; resources: 10<br/>deepest solid: <b>-8.72 m</b> below grade<br/>below-grade footprint: <b>347 m2</b><br/>cutout today: <b>NO</b><br/><br/><u>classifier verdict</u><br/>REFUSED — piered viaduct: no solid geometry reaches effective grade (≤ 0.5 m) within 35 m of the start deck end(s) — refused, no terrain feature (amendment A4)]]></description><styleUrl>#nocut</styleUrl><Polygon><altitudeMode>clampToGround</altitudeMode><outerBoundaryIs><LinearRing><coordinates>51.618264919,25.252008038,0 51.618264919,25.251981089,0 51.618294715,25.251981089,0 51.618294715,25.252008038,0 51.618264919,25.252008038,0</coordinates></LinearRing></outerBoundaryIs></Polygon></Placemark><Placemark><name>Bridge_03 — below grade (-8.7 m)</name><description><![CDATA[<b>Bridge_03</b><br/>placements: 10 &nbsp; resources: 10<br/>deepest solid: <b>-8.72 m</b> below grade<br/>below-grade footprint: <b>347 m2</b><br/>cutout today: <b>NO</b><br/><br/><u>classifier verdict</u><br/>REFUSED — piered viaduct: no solid geometry reaches effective grade (≤ 0.5 m) within 35 m of the start deck end(s) — refused, no terrain feature (amendment A4)]]></description><styleUrl>#nocut</styleUrl><Polygon><altitudeMode>clampToGround</altitudeMode><outerBoundaryIs><LinearRing><coordinates>51.618332593,25.252403295,0 51.618334444,25.252394312,0 51.618354309,25.252394312,0 51.618354309,25.252403295,0 51.618364241,25.252403295,0 51.618364241,25.252421261,0 51.618324512,25.252421261,0 51.618324512,25.252403295,0 51.618332593,25.252403295,0</coordinates></LinearRing></outerBoundaryIs></Polygon></Placemark><Placemark><name>Bridge_03 — below grade (-8.7 m)</name><description><![CDATA[<b>Bridge_03</b><br/>placements: 10 &nbsp; resources: 10<br/>deepest solid: <b>-8.72 m</b> below grade<br/>below-grade footprint: <b>347 m2</b><br/>cutout today: <b>NO</b><br/><br/><u>classifier verdict</u><br/>REFUSED — piered viaduct: no solid geometry reaches effective grade (≤ 0.5 m) within 35 m of the start deck end(s) — refused, no terrain feature (amendment A4)]]></description><styleUrl>#nocut</styleUrl><Polygon><altitudeMode>clampToGround</altitudeMode><outerBoundaryIs><LinearRing><coordinates>51.618324512,25.252205667,0 51.618324512,25.252187701,0 51.618334444,25.252187701,0 51.618334444,25.252178717,0 51.618344377,25.252178717,0 51.618344377,25.252187630,0 51.618364241,25.252187701,0 51.618364241,25.252205667,0 51.618354309,25.252205667,0 51.618354309,25.252214650,0 51.618334444,25.252214650,0 51.618334444,25.252205667,0 51.618324512,25.252205667,0</coordinates></LinearRing></outerBoundaryIs></Polygon></Placemark></Folder><Folder><name>Bridge_04 — cutout today</name><description><![CDATA[<b>Bridge_04</b><br/>placements: 5 &nbsp; resources: 5<br/>deepest solid: <b>-5.57 m</b> below grade<br/>below-grade footprint: <b>26 m2</b><br/>cutout today: <b>YES</b><br/><br/><u>classifier verdict</u><br/>TUNNEL — trench cut today]]></description><Placemark><name>Bridge_04 — whole footprint</name><styleUrl>#whole</styleUrl><Polygon><altitudeMode>clampToGround</altitudeMode><outerBoundaryIs><LinearRing><coordinates>51.620109773,25.251286727,0 51.620103764,25.251286727,0 51.620105597,25.251277744,0 51.620093832,25.251252897,0 51.620093832,25.251259778,0 51.620083900,25.251259778,0 51.620083900,25.251241812,0 51.620113696,25.251241812,0 51.620113696,25.251232828,0 51.620133561,25.251234871,0 51.620153425,25.251227581,0 51.620153425,25.251223845,0 51.620163357,25.251223936,0 51.620188083,25.251214862,0 51.620183222,25.251214862,0 51.620183222,25.251205879,0 51.620203086,25.251205879,0 51.620203086,25.251209356,0 51.620222950,25.251202067,0 51.620222950,25.251196896,0 51.620232883,25.251196896,0 51.620232883,25.251187913,0 51.620262679,25.251187913,0 51.620262679,25.251196896,0 51.620258414,25.251196896,0 51.620286015,25.251259778,0 51.620292476,25.251259778,0 51.620292476,25.251268761,0 51.620289681,25.251268761,0 51.620330003,25.251367575,0 51.620342137,25.251367575,0 51.620342137,25.251376558,0 51.620333655,25.251376558,0 51.620394854,25.251529271,0 51.620401730,25.251529271,0 51.620401730,25.251538254,0 51.620398297,25.251538254,0 51.620484986,25.251780798,0 51.620491120,25.251780798,0 51.620491120,25.251789781,0 51.620488161,25.251789781,0 51.620510385,25.251852663,0 51.620520916,25.251852663,0 51.620520916,25.251861646,0 51.620501052,25.251861646,0 51.620501052,25.251870629,0 51.620471255,25.251869753,0 51.620451391,25.251875506,0 51.620451391,25.251879612,0 51.620441459,25.251878383,0 51.620421594,25.251884135,0 51.620421594,25.251888596,0 51.620411662,25.251887012,0 51.620371933,25.251898517,0 51.620371933,25.251906562,0 51.620342137,25.251906562,0 51.620322272,25.251842362,0 51.620312340,25.251843680,0 51.620312340,25.251834697,0 51.620319563,25.251834697,0 51.620232928,25.251592153,0 51.620222950,25.251592153,0 51.620222950,25.251583170,0 51.620229580,25.251583170,0 51.620168356,25.251430457,0 51.620163357,25.251430457,0 51.620164702,25.251421474,0 51.620109773,25.251286727,0</coordinates></LinearRing></outerBoundaryIs></Polygon></Placemark><Placemark><name>Bridge_04 — below grade (-5.6 m)</name><description><![CDATA[<b>Bridge_04</b><br/>placements: 5 &nbsp; resources: 5<br/>deepest solid: <b>-5.57 m</b> below grade<br/>below-grade footprint: <b>26 m2</b><br/>cutout today: <b>YES</b><br/><br/><u>classifier verdict</u><br/>TUNNEL — trench cut today]]></description><styleUrl>#cut</styleUrl><Polygon><altitudeMode>clampToGround</altitudeMode><outerBoundaryIs><LinearRing><coordinates>51.620252747,25.251547237,0 51.620282544,25.251547237,0 51.620282544,25.251538254,0 51.620312340,25.251538254,0 51.620312340,25.251529271,0 51.620332204,25.251529271,0 51.620332204,25.251520288,0 51.620362001,25.251520288,0 51.620362001,25.251538254,0 51.620352069,25.251538431,0 51.620352069,25.251547237,0 51.620332204,25.251547237,0 51.620332204,25.251556220,0 51.620322272,25.251556220,0 51.620322235,25.251547237,0 51.620312340,25.251547237,0 51.620312340,25.251556220,0 51.620282544,25.251556220,0 51.620282544,25.251565204,0 51.620272611,25.251565204,0 51.620272611,25.251574187,0 51.620262679,25.251574187,0 51.620262679,25.251565204,0 51.620252747,25.251565204,0 51.620252747,25.251547237,0</coordinates></LinearRing></outerBoundaryIs></Polygon></Placemark></Folder><Folder><name>Bridge_05 — NO CUTOUT</name><description><![CDATA[<b>Bridge_05</b><br/>placements: 5 &nbsp; resources: 5<br/>deepest solid: <b>-5.32 m</b> below grade<br/>below-grade footprint: <b>18 m2</b><br/>cutout today: <b>NO</b><br/><br/><u>classifier verdict</u><br/>FLAT_CONFIRMED — no cutout (ground contact 0.467, wall base at grade 0.000, above-grade area 0.528)]]></description><Placemark><name>Bridge_05 — whole footprint</name><styleUrl>#whole</styleUrl><Polygon><altitudeMode>clampToGround</altitudeMode><outerBoundaryIs><LinearRing><coordinates>51.614914313,25.248362502,0 51.614914313,25.248365501,0 51.614904382,25.248365501,0 51.614904382,25.248320585,0 51.614914176,25.248320585,0 51.614922912,25.248284653,0 51.614914313,25.248284653,0 51.614914313,25.248275670,0 51.614925096,25.248275670,0 51.614934177,25.248238312,0 51.614934177,25.248194822,0 51.614954041,25.248194822,0 51.614954041,25.248197704,0 51.615033497,25.248213506,0 51.615043429,25.248212788,0 51.615043429,25.248215481,0 51.615579753,25.248322144,0 51.615589685,25.248320585,0 51.615589685,25.248324119,0 51.615679073,25.248341896,0 51.615679073,25.248338551,0 51.615689004,25.248338551,0 51.615689004,25.248347534,0 51.615680492,25.248347534,0 51.615679073,25.248365501,0 51.615676124,25.248365501,0 51.615673940,25.248374484,0 51.615679073,25.248374484,0 51.615679073,25.248383467,0 51.615671756,25.248383467,0 51.615663021,25.248419399,0 51.615669141,25.248419399,0 51.615669141,25.248428382,0 51.615660837,25.248428382,0 51.615652102,25.248464315,0 51.615659209,25.248464315,0 51.615659209,25.248473298,0 51.615649918,25.248473298,0 51.615649277,25.248475935,0 51.615649277,25.248509230,0 51.615003701,25.248380279,0 51.615003701,25.248383467,0 51.614993769,25.248383467,0 51.614993769,25.248378303,0 51.614914313,25.248362502,0</coordinates></LinearRing></outerBoundaryIs></Polygon></Placemark><Placemark><name>Bridge_05 — below grade (-5.3 m)</name><description><![CDATA[<b>Bridge_05</b><br/>placements: 5 &nbsp; resources: 5<br/>deepest solid: <b>-5.32 m</b> below grade<br/>below-grade footprint: <b>18 m2</b><br/>cutout today: <b>NO</b><br/><br/><u>classifier verdict</u><br/>FLAT_CONFIRMED — no cutout (ground contact 0.467, wall base at grade 0.000, above-grade area 0.528)]]></description><styleUrl>#nocut</styleUrl><Polygon><altitudeMode>clampToGround</altitudeMode><outerBoundaryIs><LinearRing><coordinates>51.615291727,25.248365501,0 51.615291727,25.248347534,0 51.615301659,25.248347534,0 51.615301659,25.248339195,0 51.615291727,25.248338551,0 51.615291727,25.248320585,0 51.615301659,25.248320585,0 51.615301659,25.248302619,0 51.615311591,25.248300977,0 51.615311591,25.248293636,0 51.615321523,25.248293636,0 51.615321523,25.248302619,0 51.615331455,25.248302619,0 51.615331455,25.248311602,0 51.615321523,25.248312972,0 51.615321523,25.248347534,0 51.615311591,25.248347534,0 51.615311591,25.248365501,0 51.615291727,25.248365501,0</coordinates></LinearRing></outerBoundaryIs></Polygon></Placemark></Folder><Folder><name>Bridge_06 — NO CUTOUT</name><description><![CDATA[<b>Bridge_06</b><br/>placements: 11 &nbsp; resources: 11<br/>deepest solid: <b>-1.99 m</b> below grade<br/>below-grade footprint: <b>1,082 m2</b><br/>cutout today: <b>NO</b><br/><br/><u>classifier verdict</u><br/>REFUSED — piered viaduct: no solid geometry reaches effective grade (≤ 0.5 m) within 35 m of the start deck end(s) — refused, no terrain feature (amendment A4)]]></description><Placemark><name>Bridge_06 — whole footprint</name><styleUrl>#whole</styleUrl><Polygon><altitudeMode>clampToGround</altitudeMode><outerBoundaryIs><LinearRing><coordinates>51.616238739,25.250641793,0 51.616218874,25.250642605,0 51.616218874,25.250632838,0 51.616199010,25.250623917,0 51.616199010,25.250633622,0 51.616179145,25.250633622,0 51.616179145,25.250615656,0 51.616159281,25.250615656,0 51.616159281,25.250606673,0 51.616169213,25.250606673,0 51.616169213,25.250588707,0 51.616182079,25.250588707,0 51.616192574,25.250570740,0 51.616189077,25.250570740,0 51.616189077,25.250561757,0 51.616197822,25.250561757,0 51.616208942,25.250542723,0 51.616208942,25.250534808,0 51.616213566,25.250534808,0 51.616224061,25.250516842,0 51.616218874,25.250516842,0 51.616218874,25.250507859,0 51.616228806,25.250507859,0 51.616228806,25.250489892,0 51.616258603,25.250489892,0 51.616258603,25.250498876,0 51.616253162,25.250498876,0 51.616278468,25.250511790,0 51.616278468,25.250507859,0 51.616288400,25.250507859,0 51.616288400,25.250516842,0 51.616308264,25.250516842,0 51.616308264,25.250525825,0 51.616328129,25.250525825,0 51.616328129,25.250534808,0 51.616323456,25.250534808,0 51.616340992,25.250543791,0 51.616357926,25.250543791,0 51.616357926,25.250552369,0 51.616377790,25.250562354,0 51.616397655,25.250561757,0 51.616397655,25.250570740,0 51.616417519,25.250570740,0 51.616417519,25.250579724,0 51.616427451,25.250579724,0 51.616427451,25.250587661,0 51.616447316,25.250597910,0 51.616467180,25.250597690,0 51.616467180,25.250608011,0 51.616487045,25.250618021,0 51.616487045,25.250615656,0 51.616496977,25.250615656,0 51.616496977,25.250623027,0 51.616506909,25.250628032,0 51.616506909,25.250624639,0 51.616516842,25.250624639,0 51.616516842,25.250632940,0 51.616526774,25.250633622,0 51.616526774,25.250637815,0 51.616556571,25.250652438,0 51.616566503,25.250651588,0 51.616566503,25.250657306,0 51.616586368,25.250667007,0 51.616586368,25.250660572,0 51.616596300,25.250660572,0 51.616596300,25.250669555,0 51.616606232,25.250669555,0 51.616606232,25.250676707,0 51.616609981,25.250678538,0 51.616636029,25.250678538,0 51.616636029,25.250691018,0 51.616647486,25.250696504,0 51.616675758,25.250696504,0 51.616675758,25.250705487,0 51.616666513,25.250705487,0 51.616695622,25.250719015,0 51.616695622,25.250714470,0 51.616705555,25.250714470,0 51.616705555,25.250723453,0 51.616715487,25.250723453,0 51.616715487,25.250728238,0 51.616725419,25.250732848,0 51.616745284,25.250732436,0 51.616745284,25.250741420,0 51.616755216,25.250741420,0 51.616755216,25.250746678,0 51.616765148,25.250751288,0 51.616785013,25.250750403,0 51.616785013,25.250759386,0 51.616804877,25.250759386,0 51.616804877,25.250768369,0 51.616814809,25.250768369,0 51.616814809,25.250775333,0 51.616818861,25.250777352,0 51.616834674,25.250777352,0 51.616835134,25.250786335,0 51.616854538,25.250786335,0 51.616854538,25.250795318,0 51.616864471,25.250795318,0 51.616864471,25.250803913,0 51.616874403,25.250804301,0 51.616874403,25.250810230,0 51.616884335,25.250816548,0 51.616884335,25.250813284,0 51.616894267,25.250813284,0 51.616894267,25.250822268,0 51.616914132,25.250822268,0 51.616914132,25.250831251,0 51.616908348,25.250831251,0 51.616924064,25.250840652,0 51.616943929,25.250840234,0 51.616943929,25.250853088,0 51.616965893,25.250867183,0 51.616983658,25.250867183,0 51.616983658,25.250876166,0 51.616979664,25.250876166,0 51.616993590,25.250885908,0 51.617013454,25.250885149,0 51.617013454,25.250899834,0 51.617023387,25.250907560,0 51.617023387,25.250903116,0 51.617033319,25.250903116,0 51.617033319,25.250912099,0 51.617043251,25.250912099,0 51.617043251,25.250921082,0 51.617053183,25.250921082,0 51.617054144,25.250930065,0 51.617073048,25.250930065,0 51.617073048,25.250939048,0 51.617082980,25.250939048,0 51.617082980,25.250948031,0 51.617079094,25.250948031,0 51.617090285,25.250957014,0 51.617102845,25.250957014,0 51.617102845,25.250965997,0 51.617112777,25.250965997,0 51.617112777,25.250974980,0 51.617132642,25.250974980,0 51.617132642,25.250992103,0 51.617142574,25.250992947,0 51.617143474,25.251001930,0 51.617152506,25.251001930,0 51.617152506,25.251010759,0 51.617161852,25.251019896,0 51.617172371,25.251019896,0 51.617172371,25.251028879,0 51.617182303,25.251028879,0 51.617180169,25.251037862,0 51.617189308,25.251046845,0 51.617202167,25.251046845,0 51.617202167,25.251055828,0 51.617212100,25.251055828,0 51.617212100,25.251064812,0 51.617206516,25.251064812,0 51.617214761,25.251073795,0 51.617222032,25.251073795,0 51.617223006,25.251082778,0 51.617231964,25.251082778,0 51.617231964,25.251092851,0 51.617238980,25.251100744,0 51.617251829,25.251100744,0 51.617251829,25.251109727,0 51.617261761,25.251109727,0 51.617261761,25.251131180,0 51.617272240,25.251145660,0 51.617281625,25.251145660,0 51.617281625,25.251158767,0 51.617291558,25.251173732,0 51.617301490,25.251172609,0 51.617301490,25.251188786,0 51.617314002,25.251208541,0 51.617321354,25.251208541,0 51.617321354,25.251217524,0 51.617331287,25.251217524,0 51.617331287,25.251226508,0 51.617325131,25.251226508,0 51.617331287,25.251236882,0 51.617341219,25.251235491,0 51.617341219,25.251253457,0 51.617351151,25.251253457,0 51.617351151,25.251262440,0 51.617346270,25.251262440,0 51.617356537,25.251280406,0 51.617361083,25.251280406,0 51.617366186,25.251298372,0 51.617371016,25.251298372,0 51.617375580,25.251316339,0 51.617380948,25.251316339,0 51.617379942,25.251325322,0 51.617384221,25.251334305,0 51.617390880,25.251334305,0 51.617392777,25.251352271,0 51.617400812,25.251352271,0 51.617400486,25.251370237,0 51.617404327,25.251379220,0 51.617410745,25.251379220,0 51.617412008,25.251397187,0 51.617420677,25.251397187,0 51.617420677,25.251428146,0 51.617431679,25.251460068,0 51.617440541,25.251460068,0 51.617440541,25.251469052,0 51.617434773,25.251469052,0 51.617440959,25.251487018,0 51.617450474,25.251487018,0 51.617450474,25.251496001,0 51.617443780,25.251496001,0 51.617446413,25.251504984,0 51.617450474,25.251504984,0 51.617451678,25.251522950,0 51.617460406,25.251522950,0 51.617460406,25.251531933,0 51.617454138,25.251531933,0 51.617460406,25.251558883,0 51.617470338,25.251558883,0 51.617470338,25.251576849,0 51.617465686,25.251576849,0 51.617470282,25.251603798,0 51.617480270,25.251603798,0 51.617480270,25.251612781,0 51.617471938,25.251612781,0 51.617475384,25.251630748,0 51.617480270,25.251630748,0 51.617480270,25.251639731,0 51.617477042,25.251639731,0 51.617481274,25.251666680,0 51.617490203,25.251666680,0 51.617490203,25.251675663,0 51.617482374,25.251675663,0 51.617483243,25.251684646,0 51.617490203,25.251684646,0 51.617490203,25.251702613,0 51.617484981,25.251702613,0 51.617485850,25.251711596,0 51.617490203,25.251711596,0 51.617490203,25.251720579,0 51.617486498,25.251720579,0 51.617486934,25.251729562,0 51.617490203,25.251729562,0 51.617490203,25.251738545,0 51.617487370,25.251738545,0 51.617490203,25.251864309,0 51.617487278,25.251864309,0 51.617486593,25.251873292,0 51.617490203,25.251873292,0 51.617490203,25.251900241,0 51.617483569,25.251900241,0 51.617481323,25.251918207,0 51.617490203,25.251918207,0 51.617490203,25.251927190,0 51.617480260,25.251927190,0 51.617477099,25.251954140,0 51.617480270,25.251954140,0 51.617480270,25.251981089,0 51.617472973,25.251981089,0 51.617470338,25.252017021,0 51.617466319,25.252017021,0 51.617460406,25.252052954,0 51.617449913,25.252079903,0 51.617450474,25.252097869,0 51.617444998,25.252097869,0 51.617439891,25.252115836,0 51.617440541,25.252133802,0 51.617434590,25.252133802,0 51.617428128,25.252151768,0 51.617430609,25.252178717,0 51.617417787,25.252178717,0 51.617413809,25.252187701,0 51.617420677,25.252187701,0 51.617420677,25.252196684,0 51.617410745,25.252196684,0 51.617410745,25.252214650,0 51.617401357,25.252214650,0 51.617396739,25.252223633,0 51.617400812,25.252223633,0 51.617400812,25.252232616,0 51.617392120,25.252232616,0 51.617390880,25.252250582,0 51.617382741,25.252250582,0 51.617377981,25.252259565,0 51.617380948,25.252259565,0 51.617380948,25.252268549,0 51.617373220,25.252268549,0 51.617371016,25.252272708,0 51.617371016,25.252286515,0 51.617363378,25.252286515,0 51.617361083,25.252295498,0 51.617351151,25.252307722,0 51.617351151,25.252331430,0 51.617341219,25.252331430,0 51.617341219,25.252323801,0 51.617329940,25.252340413,0 51.617331287,25.252358380,0 51.617321354,25.252358380,0 51.617321354,25.252367363,0 51.617311569,25.252367363,0 51.617311422,25.252385329,0 51.617301490,25.252385329,0 51.617301490,25.252381494,0 51.617291558,25.252395419,0 51.617291558,25.252403295,0 51.617285940,25.252403295,0 51.617281625,25.252409345,0 51.617281625,25.252421261,0 51.617273318,25.252421261,0 51.617271693,25.252430245,0 51.617267315,25.252430245,0 51.617261311,25.252439228,0 51.617261761,25.252457194,0 51.617251829,25.252457194,0 51.617251829,25.252466177,0 51.617243355,25.252466177,0 51.617237414,25.252475160,0 51.617241896,25.252475160,0 51.617241896,25.252484143,0 51.617231964,25.252484143,0 51.617231964,25.252493126,0 51.617225532,25.252493126,0 51.617222032,25.252498418,0 51.617222032,25.252511093,0 51.617213839,25.252511093,0 51.617208194,25.252520076,0 51.617212100,25.252520076,0 51.617212100,25.252529059,0 51.617202548,25.252529059,0 51.617196902,25.252538042,0 51.617202167,25.252538042,0 51.617202167,25.252547025,0 51.617192235,25.252547025,0 51.617192235,25.252564991,0 51.617182303,25.252564991,0 51.617182303,25.252573974,0 51.617174276,25.252573974,0 51.617168566,25.252582957,0 51.617172371,25.252582957,0 51.617172371,25.252591941,0 51.617162438,25.252592597,0 51.617162438,25.252609907,0 51.617152506,25.252608222,0 51.617145725,25.252618890,0 51.617152506,25.252618890,0 51.617152506,25.252627873,0 51.617142574,25.252627873,0 51.617142574,25.252636856,0 51.617134265,25.252636856,0 51.617122709,25.252654869,0 51.617122709,25.252672789,0 51.617112777,25.252672789,0 51.617112777,25.252670350,0 51.617102845,25.252685832,0 51.617102845,25.252699738,0 51.617093929,25.252699738,0 51.617082429,25.252717704,0 51.617082980,25.252735670,0 51.617073048,25.252735670,0 51.617073048,25.252732360,0 51.617059429,25.252753637,0 51.617063116,25.252753637,0 51.617063116,25.252762620,0 51.617053682,25.252762620,0 51.617042300,25.252780586,0 51.617043251,25.252798552,0 51.617033319,25.252798552,0 51.617033319,25.252794762,0 51.617019536,25.252816518,0 51.617023387,25.252816518,0 51.617023387,25.252825501,0 51.617013845,25.252825501,0 51.617013454,25.252834485,0 51.617008151,25.252834485,0 51.617002452,25.252843468,0 51.617003522,25.252852451,0 51.616996753,25.252852451,0 51.616985355,25.252870417,0 51.616993590,25.252870417,0 51.616993590,25.252879400,0 51.616983658,25.252879400,0 51.616983658,25.252888383,0 51.616973957,25.252888383,0 51.616973725,25.252906349,0 51.616963793,25.252906349,0 51.616963793,25.252915333,0 51.616956712,25.252915333,0 51.616943929,25.252935187,0 51.616943929,25.252951265,0 51.616933996,25.252951265,0 51.616933996,25.252969231,0 51.616924064,25.252969231,0 51.616924064,25.252978214,0 51.616916226,25.252978214,0 51.616910443,25.252987197,0 51.616914132,25.252987197,0 51.616914132,25.252996181,0 51.616904200,25.252996896,0 51.616904200,25.253014147,0 51.616894267,25.253014147,0 51.616894267,25.253032113,0 51.616884335,25.253032113,0 51.616884335,25.253041096,0 51.616875878,25.253041096,0 51.616870161,25.253050079,0 51.616874403,25.253050079,0 51.616874403,25.253059062,0 51.616864471,25.253059062,0 51.616864471,25.253077029,0 51.616854538,25.253077029,0 51.616854538,25.253086012,0 51.616847335,25.253086012,0 51.616841667,25.253094995,0 51.616844606,25.253094995,0 51.616844606,25.253103978,0 51.616836000,25.253103978,0 51.616830332,25.253112961,0 51.616834674,25.253112961,0 51.616834674,25.253121944,0 51.616824742,25.253121944,0 51.616824742,25.253139910,0 51.616814809,25.253139910,0 51.616814809,25.253148894,0 51.616807762,25.253148894,0 51.616802154,25.253157877,0 51.616804877,25.253157877,0 51.616804877,25.253166860,0 51.616796545,25.253166860,0 51.616794945,25.253175843,0 51.616790937,25.253175843,0 51.616785013,25.253185331,0 51.616785013,25.253202792,0 51.616775080,25.253202792,0 51.616775080,25.253211775,0 51.616768486,25.253211775,0 51.616762869,25.253220758,0 51.616765148,25.253229742,0 51.616757253,25.253229742,0 51.616751636,25.253238725,0 51.616755216,25.253238725,0 51.616755216,25.253247708,0 51.616745284,25.253248885,0 51.616745284,25.253265674,0 51.616735351,25.253264615,0 51.616723292,25.253283640,0 51.616725419,25.253292623,0 51.616717598,25.253292623,0 51.616711904,25.253301606,0 51.616715487,25.253301606,0 51.616715487,25.253310590,0 51.616706187,25.253310590,0 51.616705555,25.253319573,0 51.616700442,25.253319573,0 51.616683206,25.253346522,0 51.616685690,25.253355505,0 51.616677461,25.253355505,0 51.616675758,25.253364488,0 51.616671695,25.253364488,0 51.616665826,25.253373606,0 51.616665826,25.253382454,0 51.616660129,25.253382454,0 51.616642779,25.253409404,0 51.616645961,25.253409404,0 51.616645961,25.253418387,0 51.616636996,25.253418387,0 51.616636029,25.253427370,0 51.616631206,25.253427370,0 51.616625414,25.253436353,0 51.616626097,25.253445336,0 51.616619622,25.253445336,0 51.616606232,25.253466104,0 51.616606232,25.253490252,0 51.616590699,25.253490252,0 51.616584944,25.253499235,0 51.616586368,25.253508218,0 51.616579189,25.253508218,0 51.616566503,25.253528019,0 51.616566503,25.253544150,0 51.616556571,25.253544150,0 51.616556571,25.253553134,0 51.616550415,25.253553134,0 51.616544671,25.253562117,0 51.616546638,25.253571100,0 51.616538927,25.253571100,0 51.616526774,25.253590107,0 51.616526774,25.253607032,0 51.616516842,25.253605640,0 51.616506909,25.253624998,0 51.616487045,25.253624998,0 51.616487045,25.253611817,0 51.616437384,25.253585817,0 51.616437384,25.253589066,0 51.616427451,25.253589066,0 51.616427451,25.253580616,0 51.616407587,25.253570216,0 51.616397655,25.253571100,0 51.616397655,25.253562117,0 51.616402108,25.253562117,0 51.616442316,25.253499235,0 51.616437384,25.253499235,0 51.616437384,25.253490252,0 51.616448066,25.253490252,0 51.616487045,25.253429410,0 51.616487045,25.253418387,0 51.616494135,25.253418387,0 51.616526774,25.253367766,0 51.616526774,25.253355505,0 51.616534670,25.253355505,0 51.616598088,25.253256691,0 51.616596300,25.253247708,0 51.616603815,25.253247708,0 51.616632285,25.253202792,0 51.616626097,25.253202792,0 51.616626097,25.253193809,0 51.616637941,25.253193809,0 51.616666024,25.253148894,0 51.616665826,25.253130927,0 51.616675758,25.253130927,0 51.616675758,25.253133318,0 51.616695622,25.253101502,0 51.616695622,25.253094995,0 51.616699685,25.253094995,0 51.616705555,25.253085594,0 51.616705555,25.253068046,0 51.616715487,25.253068046,0 51.616715487,25.253059062,0 51.616722247,25.253059062,0 51.616725419,25.253054035,0 51.616725419,25.253032113,0 51.616735351,25.253032113,0 51.616735351,25.253014147,0 51.616745284,25.253014147,0 51.616745284,25.253005164,0 51.616755216,25.253005164,0 51.616755216,25.252996181,0 51.616762067,25.252996181,0 51.616767784,25.252987197,0 51.616765148,25.252987197,0 51.616765148,25.252969231,0 51.616775080,25.252969231,0 51.616775080,25.252960248,0 51.616784984,25.252960248,0 51.616790768,25.252951265,0 51.616785013,25.252951265,0 51.616785013,25.252942282,0 51.616794945,25.252942282,0 51.616794945,25.252933299,0 51.616802334,25.252933299,0 51.616808117,25.252924316,0 51.616804877,25.252924316,0 51.616804877,25.252906349,0 51.616814809,25.252906349,0 51.616814809,25.252888383,0 51.616824742,25.252888383,0 51.616824742,25.252879400,0 51.616834674,25.252879400,0 51.616834674,25.252870417,0 51.616842819,25.252870417,0 51.616848603,25.252861434,0 51.616844606,25.252861434,0 51.616844606,25.252852451,0 51.616854538,25.252852216,0 51.616854538,25.252834485,0 51.616864471,25.252836686,0 51.616871566,25.252825501,0 51.616864471,25.252825501,0 51.616864471,25.252816518,0 51.616874403,25.252816518,0 51.616874403,25.252807535,0 51.616882964,25.252807535,0 51.616888663,25.252798552,0 51.616884335,25.252798552,0 51.616884335,25.252789569,0 51.616894267,25.252789569,0 51.616894267,25.252771603,0 51.616904200,25.252771603,0 51.616904200,25.252753637,0 51.616914132,25.252753637,0 51.616914132,25.252744653,0 51.616922829,25.252744653,0 51.616928520,25.252735670,0 51.616924064,25.252735670,0 51.616924064,25.252726687,0 51.616933996,25.252726687,0 51.616933996,25.252717704,0 51.616939902,25.252717704,0 51.616943929,25.252711348,0 51.616943929,25.252690755,0 51.616953861,25.252690755,0 51.616953861,25.252681772,0 51.616962828,25.252681772,0 51.616968578,25.252672789,0 51.616963793,25.252672789,0 51.616963793,25.252654822,0 51.616980078,25.252654822,0 51.616985828,25.252645839,0 51.616983658,25.252627873,0 51.616993590,25.252627873,0 51.616993590,25.252618890,0 51.617003109,25.252618890,0 51.617008872,25.252609907,0 51.617003522,25.252609907,0 51.617003522,25.252600924,0 51.617013454,25.252600924,0 51.617013454,25.252591941,0 51.617020398,25.252591941,0 51.617026161,25.252582957,0 51.617023387,25.252582957,0 51.617023387,25.252564991,0 51.617033319,25.252564991,0 51.617033319,25.252556008,0 51.617043251,25.252556532,0 51.617055260,25.252538042,0 51.617053183,25.252529059,0 51.617061094,25.252529059,0 51.617066928,25.252520076,0 51.617063116,25.252520076,0 51.617063116,25.252511093,0 51.617073048,25.252510632,0 51.617073048,25.252493126,0 51.617082980,25.252495167,0 51.617092913,25.252479702,0 51.617092913,25.252466177,0 51.617101599,25.252466177,0 51.617107368,25.252457194,0 51.617102845,25.252457194,0 51.617102845,25.252430245,0 51.617122709,25.252430917,0 51.617128177,25.252421261,0 51.617122709,25.252421261,0 51.617122709,25.252403295,0 51.617132642,25.252403295,0 51.617132642,25.252394312,0 51.617142574,25.252394312,0 51.617142574,25.252376346,0 51.617153795,25.252376346,0 51.617158944,25.252367363,0 51.617152506,25.252367363,0 51.617152506,25.252358380,0 51.617162438,25.252358380,0 51.617162438,25.252340413,0 51.617172371,25.252340413,0 51.617172371,25.252331430,0 51.617179509,25.252331430,0 51.617184645,25.252322447,0 51.617182303,25.252304481,0 51.617192235,25.252304481,0 51.617192235,25.252295498,0 51.617199754,25.252295498,0 51.617204598,25.252286515,0 51.617202167,25.252277532,0 51.617209443,25.252277532,0 51.617219131,25.252259565,0 51.617212100,25.252259565,0 51.617212100,25.252250582,0 51.617222032,25.252250582,0 51.617222032,25.252241599,0 51.617229175,25.252241599,0 51.617234226,25.252232616,0 51.617231964,25.252214650,0 51.617241896,25.252214650,0 51.617241896,25.252205749,0 51.617231964,25.252205667,0 51.617231964,25.252196684,0 51.617251829,25.252196684,0 51.617251829,25.252178717,0 51.617261761,25.252178717,0 51.617261761,25.252169734,0 51.617266595,25.252169734,0 51.617271693,25.252159253,0 51.617271693,25.252142785,0 51.617278694,25.252142785,0 51.617282426,25.252133802,0 51.617281625,25.252115836,0 51.617288963,25.252115836,0 51.617291980,25.252106853,0 51.617291558,25.252079903,0 51.617299836,25.252079903,0 51.617301490,25.252073540,0 51.617301490,25.252034988,0 51.617311291,25.252034988,0 51.617313550,25.252026005,0 51.617311422,25.252008038,0 51.617317423,25.252008038,0 51.617319298,25.251999055,0 51.617311422,25.251999055,0 51.617311422,25.251990072,0 51.617321174,25.251990072,0 51.617321354,25.251981089,0 51.617311422,25.251981089,0 51.617311422,25.251972106,0 51.617323824,25.251972106,0 51.617324990,25.251963123,0 51.617311422,25.251963123,0 51.617311422,25.251945157,0 51.617321354,25.251945157,0 51.617321354,25.251927190,0 51.617328591,25.251927190,0 51.617329339,25.251918207,0 51.617321354,25.251918207,0 51.617321354,25.251909224,0 51.617330058,25.251909224,0 51.617333134,25.251774477,0 51.617331506,25.251738545,0 51.617321354,25.251738545,0 51.617321354,25.251720579,0 51.617330334,25.251720579,0 51.617329468,25.251711596,0 51.617321354,25.251711596,0 51.617321354,25.251702613,0 51.617311422,25.251702613,0 51.617311422,25.251684646,0 51.617321354,25.251684646,0 51.617321354,25.251675663,0 51.617325300,25.251675663,0 51.617318942,25.251639731,0 51.617311422,25.251639731,0 51.617311422,25.251621765,0 51.617315671,25.251621765,0 51.617314144,25.251612781,0 51.617311422,25.251612781,0 51.617311089,25.251594815,0 51.617301490,25.251594815,0 51.617301490,25.251576849,0 51.617307368,25.251576849,0 51.617305483,25.251567866,0 51.617301490,25.251567866,0 51.617301490,25.251558883,0 51.617291558,25.251558883,0 51.617291558,25.251549900,0 51.617300886,25.251549900,0 51.617295715,25.251531933,0 51.617291558,25.251531933,0 51.617292832,25.251522950,0 51.617286753,25.251504984,0 51.617281625,25.251504984,0 51.617280670,25.251487018,0 51.617271693,25.251487018,0 51.617271372,25.251460068,0 51.617261761,25.251460068,0 51.617261761,25.251442102,0 51.617251829,25.251442102,0 51.617253556,25.251415153,0 51.617249773,25.251406170,0 51.617241896,25.251406170,0 51.617241896,25.251397187,0 51.617245612,25.251397187,0 51.617241338,25.251388204,0 51.617231964,25.251388204,0 51.617232668,25.251370237,0 51.617228099,25.251361254,0 51.617222032,25.251361254,0 51.617222032,25.251352271,0 51.617212100,25.251352271,0 51.617212100,25.251343288,0 51.617218861,25.251343288,0 51.617208846,25.251325322,0 51.617202167,25.251325322,0 51.617202167,25.251316339,0 51.617192235,25.251316339,0 51.617192235,25.251307356,0 51.617198467,25.251307356,0 51.617187744,25.251289389,0 51.617182303,25.251289389,0 51.617182303,25.251280587,0 51.617176463,25.251271423,0 51.617162438,25.251271423,0 51.617162438,25.251249690,0 51.617158925,25.251244474,0 51.617152506,25.251244474,0 51.617152506,25.251235491,0 51.617142574,25.251235491,0 51.617142574,25.251226508,0 51.617132642,25.251226508,0 51.617132642,25.251217524,0 51.617122709,25.251217524,0 51.617122709,25.251192279,0 51.617112777,25.251177519,0 51.617102799,25.251163626,0 51.617092913,25.251163626,0 51.617092913,25.251154643,0 51.617096187,25.251154643,0 51.617089433,25.251145660,0 51.617082980,25.251145660,0 51.617082655,25.251136676,0 51.617073048,25.251136676,0 51.617073048,25.251127693,0 51.617075615,25.251127693,0 51.617068259,25.251118710,0 51.617053183,25.251118710,0 51.617053511,25.251100744,0 51.617046082,25.251091761,0 51.617033319,25.251091761,0 51.617033319,25.251082778,0 51.617023387,25.251082778,0 51.617023387,25.251065291,0 51.617014777,25.251055828,0 51.617003522,25.251055828,0 51.617003522,25.251043956,0 51.616987442,25.251028879,0 51.616973725,25.251028879,0 51.616973725,25.251019896,0 51.616977251,25.251019896,0 51.616966678,25.251010913,0 51.616943929,25.251010913,0 51.616943929,25.250992947,0 51.616933996,25.250992947,0 51.616933996,25.250984797,0 51.616924064,25.250983964,0 51.616924064,25.250977310,0 51.616914132,25.250974980,0 51.616914132,25.250970201,0 51.616908259,25.250965997,0 51.616894267,25.250965997,0 51.616894267,25.250956475,0 51.616874403,25.250944655,0 51.616874403,25.250948031,0 51.616864471,25.250948031,0 51.616864471,25.250939048,0 51.616854538,25.250939048,0 51.616854538,25.250933193,0 51.616848894,25.250930065,0 51.616834674,25.250930065,0 51.616832685,25.250921082,0 51.616814809,25.250921082,0 51.616814809,25.250912099,0 51.616794945,25.250912099,0 51.616794945,25.250930065,0 51.616786321,25.250930065,0 51.616785013,25.250939048,0 51.616775080,25.250939048,0 51.616775080,25.250930065,0 51.616765148,25.250930065,0 51.616765148,25.250921082,0 51.616775037,25.250921082,0 51.616775080,25.250912099,0 51.616785013,25.250912099,0 51.616785013,25.250894991,0 51.616775080,25.250889876,0 51.616775080,25.250894132,0 51.616765148,25.250894132,0 51.616765148,25.250885149,0 51.616755216,25.250885149,0 51.616755216,25.250879841,0 51.616745284,25.250875055,0 51.616725419,25.250876166,0 51.616725419,25.250867183,0 51.616695622,25.250867183,0 51.616695622,25.250852108,0 51.616675758,25.250849217,0 51.616675758,25.250843240,0 51.616655893,25.250834405,0 51.616655893,25.250840234,0 51.616645961,25.250840234,0 51.616645961,25.250831251,0 51.616636029,25.250831251,0 51.616636029,25.250825566,0 51.616608456,25.250813284,0 51.616596300,25.250813284,0 51.616596300,25.250807856,0 51.616566503,25.250794070,0 51.616556571,25.250795318,0 51.616556571,25.250789474,0 51.616511709,25.250768369,0 51.616496977,25.250768369,0 51.616496977,25.250761421,0 51.616457248,25.250742729,0 51.616457248,25.250750403,0 51.616437384,25.250750403,0 51.616437384,25.250733280,0 51.616398475,25.250714470,0 51.616387722,25.250714470,0 51.616387722,25.250709321,0 51.616347993,25.250691029,0 51.616347993,25.250696504,0 51.616338061,25.250696504,0 51.616338061,25.250687521,0 51.616328129,25.250687521,0 51.616328129,25.250681983,0 51.616298332,25.250668640,0 51.616278468,25.250669555,0 51.616278468,25.250659733,0 51.616238739,25.250641793,0</coordinates></LinearRing></outerBoundaryIs></Polygon></Placemark><Placemark><name>Bridge_06 — below grade (-2.0 m)</name><description><![CDATA[<b>Bridge_06</b><br/>placements: 11 &nbsp; resources: 11<br/>deepest solid: <b>-1.99 m</b> below grade<br/>below-grade footprint: <b>1,082 m2</b><br/>cutout today: <b>NO</b><br/><br/><u>classifier verdict</u><br/>REFUSED — piered viaduct: no solid geometry reaches effective grade (≤ 0.5 m) within 35 m of the start deck end(s) — refused, no terrain feature (amendment A4)]]></description><styleUrl>#nocut</styleUrl><Polygon><altitudeMode>clampToGround</altitudeMode><outerBoundaryIs><LinearRing><coordinates>51.616397655,25.253562117,0 51.616404312,25.253562117,0 51.616444519,25.253499235,0 51.616437384,25.253499235,0 51.616437384,25.253490252,0 51.616450150,25.253490252,0 51.616487045,25.253430878,0 51.616487045,25.253418387,0 51.616494972,25.253418387,0 51.616526774,25.253369063,0 51.616526774,25.253355505,0 51.616535508,25.253355505,0 51.616566503,25.253307360,0 51.616566503,25.253301606,0 51.616570199,25.253301606,0 51.616598926,25.253256691,0 51.616596300,25.253256691,0 51.616596300,25.253247708,0 51.616604651,25.253247708,0 51.616672474,25.253139910,0 51.616665826,25.253139910,0 51.616665826,25.253130927,0 51.616675758,25.253130927,0 51.616675758,25.253134653,0 51.616711748,25.253077029,0 51.616705555,25.253077029,0 51.616705555,25.253068046,0 51.616715487,25.253068046,0 51.616715487,25.253071102,0 51.616745753,25.253023130,0 51.616745284,25.253014147,0 51.616751469,25.253014147,0 51.616780056,25.252969231,0 51.616775080,25.252969231,0 51.616775080,25.252960248,0 51.616785013,25.252961466,0 51.616820495,25.252906349,0 51.616814809,25.252906349,0 51.616814809,25.252897366,0 51.616824742,25.252897366,0 51.616824742,25.252899754,0 51.616860982,25.252843468,0 51.616854538,25.252843468,0 51.616854538,25.252834485,0 51.616864471,25.252834485,0 51.616864471,25.252838005,0 51.616906592,25.252771603,0 51.616904200,25.252762620,0 51.616912283,25.252762620,0 51.616946429,25.252708721,0 51.616943929,25.252699738,0 51.616952152,25.252699738,0 51.616992402,25.252636856,0 51.616983658,25.252636856,0 51.616983658,25.252627873,0 51.616993590,25.252627873,0 51.616993590,25.252635002,0 51.617033319,25.252573741,0 51.617033319,25.252564991,0 51.617038970,25.252564991,0 51.617073600,25.252511093,0 51.617073048,25.252502109,0 51.617079323,25.252502109,0 51.617111628,25.252451260,0 51.617112777,25.252439228,0 51.617119006,25.252439228,0 51.617165733,25.252358380,0 51.617162438,25.252358380,0 51.617162438,25.252349397,0 51.617170790,25.252349397,0 51.617196528,25.252304481,0 51.617192235,25.252304481,0 51.617192235,25.252295498,0 51.617201259,25.252295498,0 51.617222032,25.252250582,0 51.617225207,25.252250582,0 51.617240891,25.252223056,0 51.617241896,25.252214650,0 51.617245287,25.252214650,0 51.617272886,25.252160751,0 51.617271693,25.252151768,0 51.617276820,25.252151768,0 51.617287524,25.252124819,0 51.617281625,25.252124819,0 51.617281625,25.252115836,0 51.617290660,25.252115836,0 51.617296932,25.252097869,0 51.617291558,25.252097869,0 51.617291558,25.252088886,0 51.617299367,25.252088886,0 51.617306140,25.252061937,0 51.617301490,25.252061937,0 51.617301490,25.252052954,0 51.617308476,25.252052954,0 51.617315497,25.252026005,0 51.617311422,25.252026005,0 51.617311422,25.252017021,0 51.617317541,25.252017021,0 51.617323333,25.251990072,0 51.617321354,25.251981089,0 51.617324934,25.251981089,0 51.617329606,25.251950345,0 51.617335318,25.251876178,0 51.617335477,25.251873292,0 51.617331287,25.251873292,0 51.617331287,25.251864309,0 51.617335970,25.251864309,0 51.617337259,25.251840826,0 51.617337301,25.251837359,0 51.617331287,25.251837359,0 51.617331287,25.251828376,0 51.617337409,25.251828376,0 51.617337587,25.251801427,0 51.617331287,25.251801427,0 51.617331287,25.251792444,0 51.617337306,25.251792444,0 51.617336421,25.251765494,0 51.617331287,25.251765494,0 51.617331287,25.251756511,0 51.617335985,25.251756511,0 51.617334677,25.251729562,0 51.617331287,25.251729562,0 51.617331287,25.251720579,0 51.617333947,25.251720579,0 51.617327523,25.251666680,0 51.617321354,25.251666680,0 51.617321354,25.251657697,0 51.617326057,25.251657697,0 51.617315523,25.251594815,0 51.617311422,25.251594815,0 51.617311422,25.251576849,0 51.617321354,25.251576849,0 51.617321442,25.251585832,0 51.617463483,25.251564361,0 51.617325053,25.251585832,0 51.617331287,25.251585832,0 51.617331287,25.251594815,0 51.617318452,25.251594815,0 51.617323050,25.251621765,0 51.617331287,25.251621765,0 51.617331287,25.251630748,0 51.617324627,25.251630748,0 51.617334079,25.251684646,0 51.617341219,25.251684646,0 51.617341219,25.251693629,0 51.617335018,25.251693629,0 51.617337620,25.251720579,0 51.617341219,25.251720579,0 51.617341219,25.251729562,0 51.617338256,25.251729562,0 51.617341219,25.251873292,0 51.617338497,25.251873292,0 51.617335926,25.251900241,0 51.617341219,25.251900241,0 51.617341219,25.251909224,0 51.617335132,25.251909224,0 51.617332995,25.251945157,0 51.617341219,25.251945157,0 51.617341219,25.251954140,0 51.617331646,25.251954140,0 51.617327550,25.251981089,0 51.617331287,25.251981089,0 51.617331287,25.251990072,0 51.617325631,25.251990072,0 51.617319839,25.252017021,0 51.617321354,25.252026005,0 51.617317560,25.252026005,0 51.617301490,25.252097869,0 51.617298509,25.252097869,0 51.617291558,25.252124819,0 51.617278089,25.252151768,0 51.617281625,25.252151768,0 51.617281625,25.252160751,0 51.617273605,25.252160751,0 51.617264598,25.252178717,0 51.617271693,25.252178717,0 51.617271693,25.252187701,0 51.617261761,25.252187701,0 51.617261761,25.252184281,0 51.617245878,25.252214650,0 51.617251829,25.252214650,0 51.617251829,25.252223633,0 51.617241896,25.252221865,0 51.617225532,25.252250582,0 51.617231964,25.252250582,0 51.617231964,25.252259565,0 51.617222032,25.252259565,0 51.617222032,25.252257059,0 51.617201745,25.252295498,0 51.617202167,25.252304481,0 51.617196852,25.252304481,0 51.617171062,25.252349397,0 51.617172371,25.252358380,0 51.617166101,25.252358380,0 51.617146335,25.252394312,0 51.617152506,25.252394312,0 51.617152506,25.252403295,0 51.617142574,25.252400986,0 51.617119129,25.252439228,0 51.617122709,25.252439228,0 51.617122709,25.252448211,0 51.617113580,25.252448211,0 51.617079335,25.252502109,0 51.617082980,25.252502109,0 51.617082980,25.252511093,0 51.617073620,25.252511093,0 51.617038998,25.252564991,0 51.617043251,25.252564991,0 51.617043251,25.252573974,0 51.617033319,25.252573830,0 51.616952167,25.252699738,0 51.616953861,25.252708721,0 51.616946448,25.252708721,0 51.616912302,25.252762620,0 51.616914132,25.252771603,0 51.616906610,25.252771603,0 51.616864471,25.252838027,0 51.616864471,25.252843468,0 51.616861007,25.252843468,0 51.616824742,25.252899798,0 51.616824742,25.252906349,0 51.616820524,25.252906349,0 51.616785013,25.252961509,0 51.616785013,25.252969231,0 51.616780057,25.252969231,0 51.616751470,25.253014147,0 51.616755216,25.253014147,0 51.616755216,25.253023130,0 51.616745773,25.253023130,0 51.616715487,25.253071134,0 51.616715487,25.253077029,0 51.616711776,25.253077029,0 51.616675758,25.253134717,0 51.616675758,25.253139910,0 51.616672512,25.253139910,0 51.616638812,25.253193809,0 51.616642527,25.253193809,0 51.616678936,25.253141414,0 51.616775080,25.253190660,0 51.616775080,25.253184826,0 51.616784031,25.253184826,0 51.616817698,25.253130927,0 51.616814809,25.253130927,0 51.616814809,25.253121944,0 51.616823365,25.253121944,0 51.616851706,25.253077029,0 51.616844606,25.253077029,0 51.616844606,25.253068046,0 51.616854538,25.253068046,0 51.616854538,25.253072578,0 51.616886011,25.253023130,0 51.616884335,25.253014147,0 51.616891759,25.253014147,0 51.616926458,25.252960248,0 51.616924064,25.252951265,0 51.616932242,25.252951265,0 51.616966945,25.252897366,0 51.616963793,25.252897366,0 51.616963793,25.252888383,0 51.616972656,25.252888383,0 51.617012544,25.252825501,0 51.617003522,25.252825501,0 51.617003522,25.252816518,0 51.617013454,25.252816518,0 51.617013454,25.252824064,0 51.617053183,25.252761355,0 51.617053183,25.252753637,0 51.617058110,25.252753637,0 51.617098360,25.252690755,0 51.617092913,25.252690755,0 51.617092913,25.252681772,0 51.617102845,25.252683763,0 51.617138700,25.252627873,0 51.617132642,25.252627873,0 51.617132642,25.252618890,0 51.617142574,25.252618890,0 51.617142574,25.252621838,0 51.617179099,25.252564991,0 51.617172371,25.252564991,0 51.617172371,25.252556008,0 51.617182303,25.252556008,0 51.617182303,25.252559962,0 51.617219065,25.252502109,0 51.617212100,25.252502109,0 51.617212100,25.252493126,0 51.617222032,25.252493126,0 51.617222032,25.252497531,0 51.617248442,25.252457194,0 51.617241896,25.252457194,0 51.617241896,25.252448211,0 51.617251829,25.252448211,0 51.617251829,25.252452007,0 51.617277607,25.252412278,0 51.617271693,25.252412278,0 51.617271693,25.252403295,0 51.617281625,25.252403295,0 51.617281625,25.252406151,0 51.617311422,25.252363148,0 51.617311422,25.252358380,0 51.617314717,25.252358380,0 51.617345242,25.252313932,0 51.617341219,25.252313464,0 51.617341219,25.252304481,0 51.617350770,25.252304481,0 51.617365749,25.252278875,0 51.617361083,25.252277532,0 51.617361083,25.252268549,0 51.617371016,25.252269227,0 51.617386097,25.252241599,0 51.617380948,25.252241599,0 51.617380948,25.252232616,0 51.617390750,25.252232616,0 51.617404551,25.252205667,0 51.617400812,25.252205667,0 51.617400812,25.252196684,0 51.617408418,25.252196684,0 51.617432575,25.252133802,0 51.617430609,25.252124819,0 51.617435266,25.252124819,0 51.617445161,25.252088886,0 51.617440541,25.252088886,0 51.617440541,25.252079903,0 51.617447885,25.252079903,0 51.617456057,25.252052954,0 51.617450474,25.252052954,0 51.617450474,25.252043971,0 51.617458175,25.252043971,0 51.617465989,25.252008038,0 51.617460406,25.252008038,0 51.617460406,25.251999055,0 51.617467946,25.251999055,0 51.617476361,25.251960432,0 51.617460406,25.252052954,0 51.617437265,25.252124819,0 51.617440541,25.252124819,0 51.617440541,25.252133802,0 51.617434139,25.252133802,0 51.617424683,25.252160751,0 51.617430609,25.252160751,0 51.617430609,25.252169734,0 51.617421136,25.252169734,0 51.617409537,25.252196684,0 51.617410745,25.252205667,0 51.617405293,25.252205667,0 51.617390880,25.252233588,0 51.617390880,25.252241599,0 51.617386558,25.252241599,0 51.617371016,25.252270072,0 51.617371016,25.252277532,0 51.617366775,25.252277532,0 51.617351018,25.252304481,0 51.617351151,25.252313464,0 51.617345664,25.252313464,0 51.617314911,25.252358380,0 51.617321354,25.252358380,0 51.617321354,25.252367363,0 51.617311422,25.252367363,0 51.617311422,25.252363449,0 51.617217654,25.252504340,0 51.617182303,25.252559981,0 51.617182303,25.252564991,0 51.617179114,25.252564991,0 51.617142574,25.252621882,0 51.617142574,25.252627873,0 51.617138725,25.252627873,0 51.617102845,25.252683798,0 51.617102845,25.252690755,0 51.617098382,25.252690755,0 51.617058125,25.252753637,0 51.617063116,25.252753637,0 51.617063116,25.252762620,0 51.617053183,25.252761383,0 51.617013454,25.252825501,0 51.616972670,25.252888383,0 51.616973725,25.252897366,0 51.616966963,25.252897366,0 51.616932271,25.252951265,0 51.616933996,25.252960248,0 51.616926487,25.252960248,0 51.616891787,25.253014147,0 51.616894267,25.253023130,0 51.616886011,25.253023130,0 51.616823385,25.253121944,0 51.616824742,25.253130927,0 51.616817723,25.253130927,0 51.616784071,25.253184826,0 51.616785013,25.253193809,0 51.616778499,25.253193809,0 51.616745284,25.253247877,0 51.616745284,25.253256691,0 51.616739751,25.253256691,0 51.616711282,25.253301606,0 51.616715487,25.253301606,0 51.616715487,25.253310590,0 51.616705511,25.253310590,0 51.616675758,25.253356490,0 51.616675758,25.253364488,0 51.616670596,25.253364488,0 51.616636029,25.253418182,0 51.616636029,25.253427370,0 51.616630173,25.253427370,0 51.616601584,25.253472286,0 51.616606232,25.253472286,0 51.616606232,25.253481269,0 51.616595862,25.253481269,0 51.616555576,25.253544150,0 51.616556571,25.253553134,0 51.616549824,25.253553134,0 51.616506909,25.253620248,0 51.616506909,25.253624998,0 51.616496977,25.253624998,0 51.616496977,25.253617017,0 51.616407587,25.253570216,0 51.616397655,25.253571100,0 51.616397655,25.253562117,0</coordinates></LinearRing></outerBoundaryIs></Polygon></Placemark><Placemark><name>Bridge_06 — below grade (-2.0 m)</name><description><![CDATA[<b>Bridge_06</b><br/>placements: 11 &nbsp; resources: 11<br/>deepest solid: <b>-1.99 m</b> below grade<br/>below-grade footprint: <b>1,082 m2</b><br/>cutout today: <b>NO</b><br/><br/><u>classifier verdict</u><br/>REFUSED — piered viaduct: no solid geometry reaches effective grade (≤ 0.5 m) within 35 m of the start deck end(s) — refused, no terrain feature (amendment A4)]]></description><styleUrl>#nocut</styleUrl><Polygon><altitudeMode>clampToGround</altitudeMode><outerBoundaryIs><LinearRing><coordinates>51.616447316,25.250736065,0 51.616447316,25.250732436,0 51.616457248,25.250732436,0 51.616457248,25.250740756,0 51.616506909,25.250764174,0 51.616506909,25.250759386,0 51.616516842,25.250759386,0 51.616515953,25.250768369,0 51.616556571,25.250787257,0 51.616566503,25.250786335,0 51.616566503,25.250791931,0 51.616606232,25.250810298,0 51.616606232,25.250804301,0 51.616616164,25.250804301,0 51.616616164,25.250813284,0 51.616613153,25.250813284,0 51.616695622,25.250850079,0 51.616705555,25.250849217,0 51.616705555,25.250854615,0 51.616765148,25.250881624,0 51.616765148,25.250876166,0 51.616775080,25.250876166,0 51.616775080,25.250885149,0 51.616772073,25.250885149,0 51.616794945,25.250896837,0 51.616794945,25.250894132,0 51.616804877,25.250894132,0 51.616804877,25.250902547,0 51.616834674,25.250919732,0 51.616834674,25.250912099,0 51.616844606,25.250912099,0 51.616844606,25.250921082,0 51.616836993,25.250921082,0 51.616867651,25.250939048,0 51.616874403,25.250939048,0 51.616874403,25.250943221,0 51.616904200,25.250961680,0 51.616904200,25.250957014,0 51.616914132,25.250957014,0 51.616914132,25.250965997,0 51.616910713,25.250965997,0 51.616936666,25.250983964,0 51.616943929,25.250983964,0 51.616943929,25.250989636,0 51.616963793,25.251005305,0 51.616963793,25.251001930,0 51.616973725,25.251001930,0 51.616973725,25.251010913,0 51.616970658,25.251010913,0 51.616983658,25.251021877,0 51.616993590,25.251019896,0 51.616991947,25.251028879,0 51.617013454,25.251049053,0 51.617023387,25.251046845,0 51.617023387,25.251055828,0 51.617019809,25.251055828,0 51.617036532,25.251073795,0 51.617043251,25.251073795,0 51.617043251,25.251081597,0 51.617063116,25.251105767,0 51.617063116,25.251100744,0 51.617073048,25.251100744,0 51.617073048,25.251109727,0 51.617066445,25.251109727,0 51.617082980,25.251129243,0 51.617092913,25.251127693,0 51.617092913,25.251136676,0 51.617088908,25.251136676,0 51.617102845,25.251155629,0 51.617112777,25.251154643,0 51.617112777,25.251163626,0 51.617108867,25.251163626,0 51.617115884,25.251172609,0 51.617122709,25.251172609,0 51.617122709,25.251181460,0 51.617135826,25.251199558,0 51.617142574,25.251199558,0 51.617141987,25.251208541,0 51.617154240,25.251226508,0 51.617162438,25.251226508,0 51.617160218,25.251235491,0 51.617172371,25.251253802,0 51.617182303,25.251253457,0 51.617182303,25.251262440,0 51.617177863,25.251262440,0 51.617192235,25.251280406,0 51.617226160,25.251343288,0 51.617231964,25.251343288,0 51.617230939,25.251352271,0 51.617253311,25.251397187,0 51.617261761,25.251397187,0 51.617261761,25.251406170,0 51.617257450,25.251406170,0 51.617271693,25.251439282,0 51.617271693,25.251433119,0 51.617281625,25.251433119,0 51.617281625,25.251447431,0 51.617417865,25.251413218,0 51.617281625,25.251448244,0 51.617281625,25.251460068,0 51.617271693,25.251460068,0 51.617271693,25.251451085,0 51.617261761,25.251451085,0 51.617261761,25.251442102,0 51.617269981,25.251442102,0 51.617254654,25.251406170,0 51.617251829,25.251406170,0 51.617241067,25.251379220,0 51.617231964,25.251379220,0 51.617231964,25.251370237,0 51.617236678,25.251370237,0 51.617227283,25.251352271,0 51.617222032,25.251352271,0 51.617222550,25.251343288,0 51.617212100,25.251325006,0 51.617202167,25.251325322,0 51.617202167,25.251316339,0 51.617207145,25.251316339,0 51.617191177,25.251289389,0 51.617182303,25.251289389,0 51.617182303,25.251280406,0 51.617185707,25.251280406,0 51.617168374,25.251253043,0 51.617156725,25.251235491,0 51.617152506,25.251235491,0 51.617152506,25.251229134,0 51.617138522,25.251208541,0 51.617132642,25.251208541,0 51.617132642,25.251199920,0 51.617119419,25.251181592,0 51.617112777,25.251181592,0 51.617112777,25.251172815,0 51.617102845,25.251163626,0 51.617081309,25.251130950,0 51.617041010,25.251082778,0 51.617033319,25.251082778,0 51.617033614,25.251073795,0 51.617013454,25.251055828,0 51.617007600,25.251045930,0 51.616989361,25.251028879,0 51.616983658,25.251028879,0 51.616983658,25.251023642,0 51.616968542,25.251010913,0 51.616963793,25.251010913,0 51.616963793,25.251006914,0 51.616943929,25.250991009,0 51.616933996,25.250992947,0 51.616934994,25.250983964,0 51.616909844,25.250965997,0 51.616904200,25.250965997,0 51.616898813,25.250958361,0 51.616874403,25.250943238,0 51.616874403,25.250948031,0 51.616864471,25.250948031,0 51.616864471,25.250939048,0 51.616867382,25.250939048,0 51.616804877,25.250902886,0 51.616794945,25.250903116,0 51.616794945,25.250897654,0 51.616735351,25.250869466,0 51.616735351,25.250876166,0 51.616725419,25.250876166,0 51.616725419,25.250867183,0 51.616730319,25.250867183,0 51.616705555,25.250855877,0 51.616705555,25.250858200,0 51.616695622,25.250858200,0 51.616695622,25.250851344,0 51.616655893,25.250833292,0 51.616655893,25.250840234,0 51.616645961,25.250840234,0 51.616645961,25.250831251,0 51.616651364,25.250831251,0 51.616566503,25.250793071,0 51.616556571,25.250795318,0 51.616556571,25.250788411,0 51.616513371,25.250768369,0 51.616506909,25.250768369,0 51.616506909,25.250765339,0 51.616456284,25.250741420,0 51.616447316,25.250741420,0 51.616447316,25.250737151,0 51.616336800,25.250683953,0 51.616397655,25.250712392,0 51.616397655,25.250705487,0 51.616407587,25.250705487,0 51.616407587,25.250714470,0 51.616402013,25.250714470,0 51.616447316,25.250736065,0</coordinates></LinearRing></outerBoundaryIs></Polygon></Placemark><Placemark><name>Bridge_06 — below grade (-2.0 m)</name><description><![CDATA[<b>Bridge_06</b><br/>placements: 11 &nbsp; resources: 11<br/>deepest solid: <b>-1.99 m</b> below grade<br/>below-grade footprint: <b>1,082 m2</b><br/>cutout today: <b>NO</b><br/><br/><u>classifier verdict</u><br/>REFUSED — piered viaduct: no solid geometry reaches effective grade (≤ 0.5 m) within 35 m of the start deck end(s) — refused, no terrain feature (amendment A4)]]></description><styleUrl>#nocut</styleUrl><Polygon><altitudeMode>clampToGround</altitudeMode><outerBoundaryIs><LinearRing><coordinates>51.616341528,25.250676281,0 51.616177384,25.250597679,0 51.616172111,25.250606673,0 51.616179145,25.250606673,0 51.616179145,25.250610942,0 51.616232640,25.250637802,0 51.616179145,25.250612099,0 51.616179145,25.250615656,0 51.616169213,25.250615656,0 51.616169213,25.250606673,0 51.616228806,25.250508719,0 51.616228806,25.250498876,0 51.616235187,25.250498876,0 51.616238739,25.250489892,0 51.616248671,25.250489892,0 51.616248671,25.250497556,0 51.616291685,25.250520986,0 51.616298332,25.250524185,0 51.616298332,25.250516842,0 51.616308264,25.250516842,0 51.616308264,25.250525825,0 51.616301741,25.250525825,0 51.616347993,25.250548088,0 51.616347993,25.250543791,0 51.616357926,25.250543791,0 51.616357222,25.250552774,0 51.616407587,25.250578401,0 51.616407587,25.250570740,0 51.616417519,25.250570740,0 51.616417519,25.250579724,0 51.616410153,25.250579724,0 51.616516842,25.250634074,0 51.616526774,25.250633622,0 51.616526774,25.250638846,0 51.616616164,25.250682343,0 51.616616164,25.250678538,0 51.616626097,25.250678538,0 51.616626097,25.250687354,0 51.616656693,25.250702790,0 51.616705555,25.250725015,0 51.616715487,25.250723453,0 51.616715487,25.250729528,0 51.616745284,25.250743068,0 51.616755216,25.250741420,0 51.616755216,25.250747602,0 51.616785013,25.250761207,0 51.616794945,25.250759386,0 51.616794945,25.250766064,0 51.616824742,25.250780682,0 51.616824742,25.250777352,0 51.616834674,25.250777352,0 51.616834410,25.250786335,0 51.616864471,25.250804329,0 51.616874403,25.250804301,0 51.616874403,25.250810587,0 51.616894267,25.250823278,0 51.616904200,25.250822268,0 51.616904200,25.250829236,0 51.616937786,25.250849217,0 51.616943929,25.250849217,0 51.616943929,25.250853129,0 51.616973725,25.250872255,0 51.616973725,25.250867183,0 51.616983658,25.250867183,0 51.616983658,25.250876166,0 51.616979664,25.250876166,0 51.617005347,25.250894132,0 51.617013454,25.250894132,0 51.617013454,25.250899834,0 51.617043251,25.250923011,0 51.617053183,25.250921082,0 51.617053183,25.250929974,0 51.617073048,25.250943457,0 51.617073048,25.250939048,0 51.617082980,25.250939048,0 51.617082980,25.250948031,0 51.617079094,25.250948031,0 51.617102845,25.250967097,0 51.617112777,25.250965997,0 51.617112281,25.250974980,0 51.617133644,25.250992947,0 51.617142574,25.250992947,0 51.617142574,25.251001049,0 51.617162438,25.251020469,0 51.617172371,25.251019896,0 51.617171030,25.251028879,0 51.617192235,25.251049723,0 51.617192235,25.251046845,0 51.617202167,25.251046845,0 51.617202167,25.251055828,0 51.617198271,25.251055828,0 51.617223149,25.251082934,0 51.617192235,25.251055828,0 51.617168339,25.251028879,0 51.617162438,25.251028879,0 51.617162438,25.251023084,0 51.617140811,25.251001930,0 51.617132642,25.251001930,0 51.617132642,25.250993945,0 51.617110153,25.250974980,0 51.617102845,25.250974980,0 51.617102845,25.250968817,0 51.617077242,25.250948031,0 51.617073048,25.250948031,0 51.617068125,25.250940698,0 51.617052517,25.250930065,0 51.617043251,25.250930065,0 51.617043251,25.250923752,0 51.617013454,25.250901122,0 51.617003522,25.250903116,0 51.617004403,25.250894132,0 51.616943929,25.250853326,0 51.616943929,25.250858200,0 51.616933996,25.250858200,0 51.616935286,25.250847779,0 51.616904200,25.250829460,0 51.616894267,25.250831251,0 51.616894267,25.250823421,0 51.616874403,25.250810760,0 51.616874403,25.250813284,0 51.616864471,25.250813284,0 51.616864471,25.250804418,0 51.616834105,25.250786335,0 51.616824742,25.250786335,0 51.616824742,25.250781683,0 51.616794945,25.250767063,0 51.616785013,25.250768369,0 51.616785013,25.250762468,0 51.616755216,25.250748864,0 51.616745284,25.250750403,0 51.616745284,25.250744349,0 51.616715487,25.250730809,0 51.616705555,25.250732436,0 51.616705555,25.250726294,0 51.616665826,25.250708222,0 51.616665826,25.250714470,0 51.616655893,25.250714470,0 51.616655893,25.250705487,0 51.616660376,25.250705487,0 51.616624766,25.250687521,0 51.616616164,25.250687521,0 51.616616164,25.250683232,0 51.616576435,25.250663793,0 51.616576435,25.250669555,0 51.616566503,25.250669555,0 51.616566503,25.250660572,0 51.616569801,25.250660572,0 51.616526774,25.250639897,0 51.616526774,25.250642605,0 51.616516842,25.250642605,0 51.616516842,25.250635114,0 51.616467180,25.250609861,0 51.616467180,25.250615656,0 51.616457248,25.250615656,0 51.616457248,25.250606673,0 51.616460930,25.250606673,0 51.616355565,25.250552774,0 51.616347993,25.250552774,0 51.616347993,25.250561166,0 51.616395037,25.250586735,0 51.616341528,25.250676281,0</coordinates></LinearRing></outerBoundaryIs></Polygon></Placemark></Folder></Document></kml>